# source, target, activities
0,596,1
0,606,1
0,995,4
1,852,5
1,1025,1
2,288,3
2,556,1
4,27,4
5,139,2
5,303,2
5,512,6
5,645,6
5,663,4
5,959,2
6,8,6
6,412,2
6,484,2
6,546,4
7,201,2
7,526,2
8,6,5
8,65,1
8,110,5
8,629,1
8,867,1
10,156,3
10,264,2
10,321,4
11,145,1
11,826,1
12,222,5
12,349,2
12,758,2
13,547,3
13,900,4
13,948,6
14,549,6
14,604,1
15,170,5
17,283,4
17,612,1
17,722,5
17,923,1
17,1057,1
18,173,5
18,185,4
18,227,5
18,749,3
19,209,4
19,379,1
19,752,4
19,888,2
20,556,5
20,825,5
21,144,4
21,169,4
21,219,4
21,441,2
21,452,4
21,704,5
21,777,3
22,113,2
22,184,6
22,350,1
22,464,3
22,818,3
22,884,3
23,1,3
25,27,6
25,51,3
25,52,3
25,600,3
25,660,3
26,125,1
26,347,1
26,359,1
26,527,4
26,713,1
26,748,1
26,796,1
27,362,6
27,479,3
27,497,5
28,130,5
28,318,2
28,417,6
28,702,2
28,882,4
28,972,3
29,254,5
31,29,1
31,281,2
31,418,1
31,998,1
32,946,1
33,966,3
34,83,1
34,411,4
34,440,1
34,676,4
35,345,4
35,412,3
35,484,2
35,796,3
35,969,5
36,116,6
36,152,6
36,310,6
39,244,5
39,275,5
39,448,3
39,640,6
39,651,3
39,656,2
39,1020,4
40,22,6
41,120,2
41,638,2
41,1191,6
42,267,1
42,618,2
42,733,1
43,74,5
43,191,4
43,584,6
43,828,4
44,20,3
44,134,1
44,1047,2
45,614,5
45,989,6
46,251,1
46,1001,6
47,918,6
47,979,6
47,1023,4
48,45,6
48,171,3
48,879,6
49,90,3
49,357,5
49,427,2
49,452,2
49,704,2
49,882,5
49,991,1
51,25,3
51,72,1
51,259,1
51,331,2
51,340,1
51,372,1
51,466,1
51,569,1
51,938,1
52,25,2
52,259,1
52,280,3
52,466,1
52,673,1
53,284,1
53,458,1
53,595,1
53,912,5
54,144,2
54,147,3
54,330,6
54,353,5
54,859,6
55,88,6
55,400,4
55,540,5
55,1050,4
56,100,2
57,564,3
59,278,2
60,479,5
60,505,6
61,348,4
62,181,4
62,220,3
62,801,2
63,324,1
63,340,1
63,521,2
64,182,3
64,200,3
64,470,5
64,608,6
64,805,3
65,8,1
65,110,5
65,372,4
65,607,1
66,68,1
66,288,1
66,362,1
66,531,1
66,857,1
67,20,1
67,100,2
67,253,1
67,468,6
67,483,2
67,690,2
68,288,2
68,301,1
68,522,3
68,672,1
68,692,3
68,920,4
68,964,2
68,1046,1
70,187,1
70,363,6
70,571,3
70,626,1
70,739,1
70,993,1
71,208,6
71,441,1
71,450,2
71,507,6
71,743,2
71,769,6
72,592,2
73,134,1
73,585,5
73,1120,4
73,1209,4
73,1255,4
74,43,6
74,584,5
75,151,3
75,173,2
75,614,1
75,722,1
75,728,1
75,795,6
75,867,2
75,989,2
77,502,2
77,625,3
78,326,1
78,782,1
78,805,3
78,821,3
78,1055,1
79,11,1
82,240,1
82,825,2
82,878,1
82,888,1
83,24,2
83,138,2
83,525,2
83,643,2
83,1344,1
84,97,3
84,421,6
84,466,4
84,658,3
84,875,3
85,97,3
85,316,3
85,536,2
85,875,3
86,325,2
88,55,6
88,191,3
89,754,1
90,199,6
90,272,3
90,401,5
90,541,3
90,682,4
90,870,5
91,311,1
91,439,1
91,657,1
92,446,6
92,572,4
92,959,1
93,238,5
93,389,5
93,400,4
93,836,6
96,384,1
96,578,4
96,623,3
96,982,3
97,421,2
97,658,6
98,369,2
98,473,3
98,562,5
98,667,2
98,917,5
100,468,3
102,191,1
102,633,1
103,10,1
103,264,1
103,624,1
103,761,1
103,799,1
103,877,1
104,243,3
104,391,3
104,646,3
105,501,2
105,823,4
106,212,2
106,651,1
106,654,1
107,98,1
107,312,1
107,562,1
108,533,3
108,600,4
108,983,2
108,1032,4
109,311,5
109,1053,5
110,6,2
110,8,6
110,65,6
110,607,6
110,610,6
110,634,2
110,736,2
111,165,1
111,370,4
111,899,2
111,915,3
112,428,6
112,749,6
112,795,2
112,984,6
113,22,1
113,456,4
113,575,5
114,1044,5
115,193,2
115,357,2
115,462,1
115,628,4
115,685,1
115,907,1
115,961,2
116,130,5
116,152,6
116,248,3
116,414,4
116,427,6
116,432,5
116,746,4
116,769,3
116,882,5
117,33,2
117,83,2
117,385,3
117,675,1
117,709,3
117,788,3
117,971,3
118,26,1
118,68,1
118,110,1
118,317,1
118,331,1
118,569,1
118,592,1
118,628,3
118,740,2
119,50,6
119,66,1
119,372,2
119,672,2
119,980,6
119,1049,2
120,41,5
120,238,2
120,384,2
121,74,3
121,510,4
122,303,3
122,774,6
122,974,6
123,800,6
124,225,3
125,408,5
125,713,2
125,748,1
125,972,2
126,435,1
126,539,4
126,571,5
126,599,4
126,665,6
127,121,3
127,191,6
127,251,3
127,788,3
127,930,3
128,419,1
128,709,1
129,258,4
129,467,2
129,756,6
129,807,2
130,28,5
130,318,4
130,432,5
130,450,4
130,507,5
130,518,2
130,929,6
130,939,6
130,972,4
131,218,6
131,473,1
131,667,4
131,794,1
131,884,4
133,373,5
133,744,1
133,925,2
134,20,4
134,73,5
134,190,3
134,491,4
134,497,5
134,585,3
135,280,2
135,340,6
135,352,5
135,546,1
136,435,6
136,538,4
136,666,4
136,1022,3
136,1057,4
137,563,2
137,1001,4
140,177,2
140,393,4
140,904,3
140,1044,4
141,183,3
141,404,4
141,434,2
141,557,3
141,559,2
141,877,3
144,269,2
144,339,5
144,441,4
144,777,3
145,11,2
145,859,2
145,948,2
146,49,2
146,704,3
146,745,4
146,966,2
148,360,2
148,464,2
148,532,5
148,794,2
148,880,5
148,957,2
148,967,3
149,564,1
149,632,1
151,75,4
151,181,3
151,795,4
152,36,1
152,116,6
152,446,6
152,524,3
152,572,3
153,23,1
153,41,1
153,120,1
153,593,1
153,878,1
153,888,1
153,936,1
153,1043,1
154,203,3
154,401,4
154,541,3
154,670,2
154,870,6
155,462,6
155,781,3
156,523,6
156,1000,2
157,200,4
157,325,3
157,807,4
157,821,6
157,966,6
158,299,6
158,325,2
158,367,6
158,500,3
158,551,4
158,741,6
159,832,5
160,168,5
160,649,2
160,1043,6
161,146,5
161,171,3
161,649,4
161,821,1
161,910,2
162,376,3
162,445,6
162,533,6
162,854,2
162,872,1
162,1049,1
164,158,5
164,422,5
164,537,6
164,551,5
165,163,3
165,916,1
167,61,1
167,306,4
167,619,1
167,688,3
167,1003,3
168,160,6
168,308,1
168,1030,6
169,144,3
170,63,6
171,48,1
171,161,1
171,450,1
171,506,1
171,727,2
171,742,1
172,54,6
172,205,1
172,521,4
172,649,2
172,703,6
172,785,5
172,859,5
172,960,5
172,994,2
174,54,1
174,301,3
174,798,3
174,938,2
175,68,2
175,573,1
175,638,5
175,912,3
176,271,6
176,538,6
176,639,6
176,652,5
176,923,4
176,1022,4
177,140,1
177,336,4
177,904,6
177,1043,4
179,582,6
180,919,5
180,1012,5
181,21,4
181,219,3
181,452,6
181,704,2
181,777,4
182,129,1
182,305,1
182,631,2
183,511,4
183,546,2
183,768,2
183,964,3
184,22,6
184,350,2
184,464,2
184,818,3
184,884,6
185,18,2
185,227,5
186,60,1
186,281,1
186,453,2
187,571,6
187,626,3
188,217,3
188,622,2
189,170,2
189,347,5
189,634,1
189,727,1
189,744,3
191,88,5
191,121,4
191,127,4
192,710,1
193,115,3
193,196,1
193,357,3
193,835,4
194,46,3
194,514,4
194,817,3
194,835,2
194,941,1
196,242,1
196,461,2
196,847,4
196,1193,3
197,147,5
197,937,3
197,1045,5
198,61,5
198,417,3
198,577,6
198,645,6
198,763,6
198,882,2
199,90,6
199,94,2
199,443,4
199,541,3
199,599,4
199,823,2
199,870,1
200,741,2
200,760,5
200,807,6
200,821,4
200,880,3
200,960,6
201,196,2
201,720,2
201,816,2
201,847,2
205,199,2
205,248,2
205,348,6
205,463,3
207,326,2
207,669,3
207,731,4
207,1407,2
208,71,6
208,441,5
208,452,3
208,507,5
208,518,5
208,743,6
208,769,5
209,17,2
209,19,4
209,47,2
209,319,2
209,540,2
209,859,6
209,864,6
211,6,2
211,138,3
211,273,5
211,354,2
211,392,2
211,405,2
211,484,2
211,718,2
211,983,2
212,60,2
212,281,3
212,306,3
212,558,3
212,828,3
214,168,1
214,299,1
214,386,1
214,468,1
214,556,1
214,591,3
214,774,1
214,863,2
214,967,2
215,832,2
217,188,4
217,622,1
217,712,2
218,131,5
218,285,2
218,291,2
218,346,5
218,464,1
218,570,2
218,884,2
219,21,3
219,144,3
219,181,4
219,777,5
220,358,2
220,452,5
220,647,2
220,774,6
220,795,4
220,944,6
220,954,4
222,12,6
222,369,1
222,667,4
223,13,1
223,778,2
223,908,6
223,988,2
224,85,3
224,107,2
224,562,4
224,968,6
225,124,5
225,372,2
225,503,2
225,569,2
225,840,2
225,944,4
227,18,6
227,173,4
227,185,6
228,324,1
228,623,3
228,896,2
229,61,2
229,98,1
229,917,2
229,965,6
231,314,2
231,956,5
232,1019,3
233,428,3
233,826,6
233,984,2
234,985,4
235,352,1
235,897,2
235,957,2
236,629,2
238,93,6
238,442,6
238,623,3
238,694,6
239,272,3
239,451,5
239,746,2
241,199,1
241,203,1
241,272,1
241,401,1
241,541,1
241,599,1
241,635,1
241,652,3
241,870,1
242,32,1
242,138,2
242,196,2
242,297,2
242,566,1
242,675,1
242,711,4
242,835,2
244,39,6
244,578,3
244,640,6
244,797,2
244,842,2
244,982,3
246,40,5
246,348,4
246,680,3
246,893,3
246,997,2
248,199,6
248,205,4
248,763,5
250,265,3
250,353,2
250,892,2
252,478,6
252,568,1
252,647,1
252,843,3
252,910,5
252,943,6
252,966,4
253,67,1
253,578,1
253,731,3
253,797,3
253,849,3
254,71,6
254,178,5
254,577,4
254,763,2
254,823,3
254,870,1
254,991,4
255,555,5
259,25,4
259,52,5
259,372,4
259,927,6
259,987,6
259,1046,6
260,500,2
260,573,3
260,826,3
260,912,2
260,936,1
263,137,3
263,436,3
263,439,3
263,601,2
263,816,2
263,850,3
263,878,2
263,1001,2
264,917,1
265,250,5
265,487,2
265,843,2
266,333,3
266,526,1
266,737,1
266,1033,2
267,292,1
267,408,1
267,412,5
267,546,3
267,733,1
267,740,6
267,748,3
267,830,1
268,102,1
268,896,6
269,303,5
269,379,6
269,668,6
269,861,5
270,314,4
270,728,4
271,176,3
271,1022,4
273,6,3
273,633,2
273,969,2
274,172,4
275,14,3
275,39,3
275,326,3
275,460,2
275,549,3
275,640,4
276,581,2
277,3,2
277,816,1
278,59,1
280,52,6
280,162,6
280,174,6
280,798,6
281,558,3
283,314,4
284,53,3
284,458,3
284,595,3
284,1052,3
284,1057,5
285,10,1
285,264,2
285,346,2
285,592,4
285,715,2
285,855,1
286,419,6
286,928,3
288,66,2
288,68,2
288,362,2
288,390,2
288,531,2
288,857,4
288,1049,2
289,58,4
289,385,6
289,394,2
290,66,5
290,237,3
290,324,5
290,539,4
290,915,6
290,1012,6
291,218,3
291,369,2
291,473,3
291,878,2
291,946,2
292,35,1
292,484,4
292,530,5
292,545,4
292,748,1
293,427,1
293,649,1
293,745,2
293,787,1
293,924,3
293,952,6
295,22,2
295,156,3
295,464,2
295,523,2
297,654,1
297,895,3
298,398,2
298,549,2
299,158,6
299,363,5
299,551,6
299,695,5
299,741,4
300,428,6
300,695,2
300,822,6
300,954,6
302,352,3
302,442,5
302,699,3
303,269,6
303,379,6
303,401,2
303,414,3
303,501,1
303,991,3
304,315,1
304,420,1
304,423,4
304,478,4
304,642,1
305,179,2
305,321,2
305,671,2
305,1059,2
306,61,1
306,167,3
306,303,4
306,379,6
306,401,2
306,599,3
306,663,1
306,866,2
308,168,1
308,942,3
309,398,3
309,422,3
309,568,6
309,824,3
309,898,3
310,36,6
310,1006,2
311,109,6
311,560,1
312,98,1
312,107,1
312,496,1
312,854,1
313,1042,6
315,304,3
316,46,2
316,416,2
316,455,6
316,619,2
316,727,2
318,130,4
318,205,2
318,432,6
318,450,6
318,518,4
318,702,6
318,705,4
318,929,6
319,540,4
319,795,6
320,28,6
320,49,4
320,81,5
320,130,6
320,219,6
320,427,6
320,432,6
320,972,6
321,10,1
321,132,1
321,265,1
321,491,1
321,498,1
321,765,1
321,789,1
321,809,6
321,877,1
322,384,1
322,542,3
322,1020,1
323,177,1
323,398,6
323,568,2
323,828,5
324,126,3
324,237,3
324,290,6
324,539,1
324,1005,3
324,1012,4
325,299,6
325,414,6
325,708,6
325,821,6
325,1007,6
326,409,1
326,425,2
327,203,6
327,401,6
327,682,3
328,739,3
328,810,5
328,993,5
329,108,1
329,504,2
329,529,2
329,1032,1
330,423,3
330,578,3
331,51,4
331,52,2
331,174,1
331,564,1
331,971,3
332,47,3
332,619,4
332,1052,4
334,186,1
334,190,1
334,342,4
334,497,4
334,1024,1
335,90,4
335,306,6
335,379,6
335,541,4
337,200,2
337,556,3
337,752,5
337,888,1
338,314,2
338,750,2
339,139,5
339,144,3
339,430,6
339,443,4
339,959,3
340,135,5
340,534,2
340,569,6
340,927,1
341,1015,1
342,334,5
342,490,2
342,497,3
343,160,3
343,168,5
343,454,2
343,910,1
344,258,4
344,516,5
344,954,4
345,35,1
345,267,1
345,487,1
345,851,1
345,1023,1
346,98,2
346,131,4
346,218,6
347,189,5
347,867,5
348,61,1
348,205,1
348,248,1
348,293,1
349,384,6
349,625,4
350,22,1
350,539,1
350,794,1
350,818,4
350,884,1
351,205,6
351,923,6
352,302,4
352,490,1
352,549,2
352,690,5
353,54,2
353,358,2
353,787,2
353,843,5
353,888,4
353,949,5
353,1043,2
354,412,1
354,484,1
354,748,1
354,1023,4
355,54,5
355,339,4
355,1043,3
356,294,1
356,439,1
356,613,1
356,675,1
356,788,1
357,170,1
357,475,2
357,807,6
358,220,2
358,430,3
358,448,3
358,484,3
358,777,3
360,794,1
360,957,5
360,990,1
360,1053,1
361,723,6
362,25,2
362,27,2
362,66,2
362,119,2
362,288,2
362,364,2
362,857,2
362,1049,1
363,70,5
363,551,3
363,695,5
364,50,2
364,98,1
364,162,1
364,288,3
364,362,2
364,405,1
364,502,5
364,799,2
365,927,1
366,419,1
367,38,5
367,299,6
367,325,4
367,791,2
367,832,2
367,970,5
368,291,3
368,369,4
368,370,1
368,425,1
368,667,3
368,946,3
369,291,1
369,368,1
369,532,1
369,667,4
370,111,3
370,425,1
370,1031,2
371,409,1
371,573,3
371,650,6
371,846,6
371,884,2
372,487,6
372,610,2
372,1296,2
373,449,2
374,381,4
374,479,5
374,535,5
374,755,2
375,381,6
376,162,2
376,445,4
376,533,6
376,762,3
376,763,3
376,922,2
377,54,2
377,490,6
378,289,1
379,303,6
379,306,6
379,335,5
381,374,5
381,375,4
381,638,3
382,150,6
382,674,4
382,677,3
382,691,5
385,289,4
386,321,3
386,574,3
386,586,6
388,95,5
388,697,3
388,703,1
388,785,2
388,849,1
388,1018,5
389,93,3
390,301,4
390,1049,2
391,104,4
391,286,2
391,400,1
391,686,2
391,835,1
391,1208,4
391,1234,4
392,407,6
392,475,1
392,875,2
392,983,2
392,988,2
394,1,2
394,490,6
395,219,4
395,293,4
395,441,2
395,649,4
395,736,3
395,950,6
396,619,1
396,637,1
396,656,3
396,829,1
396,1020,1
396,1057,1
397,674,3
397,895,2
398,61,2
398,177,1
398,323,5
399,19,2
399,336,5
399,344,3
399,406,4
399,746,4
399,931,1
400,55,6
400,93,6
400,989,3
401,203,4
401,241,2
401,272,6
401,327,5
401,541,2
401,635,2
401,652,2
401,870,2
404,141,3
404,193,1
404,349,4
405,21,1
405,310,4
405,678,3
406,178,5
406,414,6
406,577,5
406,746,6
406,823,5
406,962,6
406,972,2
408,169,4
408,412,1
408,748,4
409,276,3
409,326,2
409,866,3
412,6,4
412,267,4
412,484,4
412,546,6
412,649,2
412,748,3
414,178,4
414,303,3
414,401,4
414,406,6
414,746,5
414,962,4
415,229,1
416,5,3
416,167,2
416,198,2
416,248,2
416,303,2
416,763,3
418,31,2
418,841,6
419,3,2
419,232,1
419,286,6
419,410,3
419,587,2
419,709,2
420,427,3
420,649,5
420,757,2
421,97,2
422,158,5
422,695,5
424,42,2
424,801,1
424,867,1
425,326,2
425,370,2
426,167,4
426,546,4
426,607,4
426,733,4
426,748,1
426,851,5
427,116,5
427,293,1
427,642,2
427,745,4
428,112,6
428,233,4
428,300,6
428,961,6
428,984,6
429,605,6
429,915,5
429,1030,6
429,1044,4
430,339,5
430,959,4
431,8,2
431,509,1
431,546,1
431,559,1
433,110,2
433,259,4
433,927,5
435,136,6
435,538,4
435,1022,3
436,263,4
436,563,3
436,850,6
436,878,3
437,289,1
437,394,2
437,564,1
437,878,3
437,953,4
437,1000,1
439,91,2
439,356,5
439,613,6
439,615,3
439,657,2
439,1037,2
441,208,5
441,507,3
441,769,6
442,302,5
442,807,2
443,199,6
443,248,4
443,430,5
443,599,5
443,639,5
443,823,4
443,959,3
444,1013,1
444,1034,1
445,65,2
445,98,1
445,162,5
445,316,2
445,364,1
445,533,6
445,872,2
446,152,5
446,427,4
446,507,3
446,823,4
447,43,5
447,74,4
447,251,4
447,584,4
447,828,2
448,20,1
448,220,3
448,358,5
448,647,2
448,774,2
448,787,3
448,924,1
448,954,3
449,185,2
449,605,5
450,116,2
450,130,3
450,318,5
450,432,2
450,518,3
450,702,6
450,769,4
450,929,4
452,21,4
452,169,4
452,181,6
452,220,5
452,777,5
453,186,2
453,593,2
453,1038,3
454,488,1
454,505,3
454,581,2
454,841,6
454,856,5
454,863,3
454,957,2
454,967,2
455,165,2
455,316,5
455,337,6
455,664,1
455,888,3
456,113,6
456,581,2
456,863,6
457,936,1
457,1017,3
457,1045,2
459,150,2
459,838,2
460,271,1
461,32,2
461,566,1
461,567,1
461,819,4
461,835,3
461,913,2
462,155,6
462,482,4
462,502,6
462,600,2
462,749,1
463,205,5
463,645,3
463,652,3
464,156,1
464,295,2
464,369,1
464,570,1
464,818,2
464,884,3
465,269,6
465,339,4
465,668,6
465,959,1
465,1010,2
466,51,2
466,52,3
466,225,2
466,280,2
466,673,2
467,826,6
468,67,4
470,64,6
470,200,4
470,786,6
470,880,1
471,116,3
471,667,2
471,972,2
471,1058,6
472,351,4
472,684,6
472,834,6
472,899,3
472,923,4
472,956,2
472,1052,2
476,632,2
476,858,4
477,226,4
477,711,3
478,252,5
478,304,2
478,420,3
478,647,1
478,843,2
478,886,1
478,943,5
478,966,2
478,1041,4
479,60,5
480,86,2
480,827,4
481,669,1
482,108,4
482,462,6
482,502,6
482,573,2
482,647,3
482,787,4
483,960,2
485,1014,6
486,517,6
486,755,2
486,780,3
486,1014,2
487,372,6
487,1046,4
488,22,1
488,60,1
488,350,3
488,505,1
488,570,1
488,1034,1
489,52,3
489,84,3
489,566,5
489,761,2
489,1028,5
490,377,6
490,394,5
490,546,1
490,810,1
491,73,2
491,84,3
491,134,4
491,421,3
491,585,2
493,10,1
493,346,1
493,410,1
494,270,4
494,283,1
494,728,6
495,447,2
495,618,1
495,768,2
495,1007,1
496,301,2
496,988,1
497,27,5
497,134,3
497,334,3
497,342,2
499,438,1
499,492,1
499,501,1
499,897,2
499,940,4
499,957,2
500,38,5
500,970,2
501,303,6
501,679,6
502,108,4
502,462,5
502,482,6
503,703,2
503,840,6
503,944,5
503,1043,3
503,1046,1
503,1047,1
503,1048,1
504,329,1
504,529,2
504,852,6
505,60,6
505,290,6
505,454,4
505,479,6
505,488,6
505,881,5
507,71,6
507,130,3
507,208,6
507,450,4
507,769,5
508,70,3
508,187,3
508,626,2
508,810,2
508,993,1
509,526,3
510,121,6
510,363,2
510,532,3
510,584,2
511,742,5
511,748,1
511,918,3
511,934,6
511,979,1
511,1023,3
512,5,6
512,645,6
512,746,2
513,486,2
513,517,6
513,763,1
513,795,1
513,829,1
513,959,1
514,194,5
514,714,2
515,195,1
515,496,1
515,547,1
516,258,2
516,344,4
516,633,6
516,989,6
516,1006,3
518,81,3
518,116,4
518,152,5
518,208,6
518,318,5
518,432,4
518,450,4
518,929,4
519,203,2
519,272,6
519,401,2
519,451,4
519,612,1
519,670,1
520,793,6
521,1,3
521,90,2
521,172,3
521,209,3
521,340,3
521,859,4
521,972,2
523,156,5
523,539,4
523,651,3
523,818,1
523,1013,5
525,226,1
525,803,1
526,201,1
526,509,2
527,26,5
527,359,2
529,86,4
529,734,1
530,25,1
530,292,5
530,484,2
530,546,3
530,748,1
530,872,1
532,148,4
532,444,1
533,108,3
533,162,5
533,376,5
533,445,6
533,626,4
533,941,1
534,224,1
534,683,2
534,692,5
534,872,2
535,257,1
535,381,6
535,706,1
535,834,1
535,856,1
536,462,3
536,839,2
536,844,2
536,906,1
536,920,1
537,164,4
537,1027,2
538,176,4
538,271,5
538,435,4
538,923,2
538,1022,5
539,126,1
539,237,1
539,290,3
539,523,4
539,866,2
539,1012,4
540,24,3
540,55,5
540,319,5
540,866,3
540,1008,3
540,1050,6
541,203,4
541,272,3
541,612,3
541,635,5
541,870,5
542,322,3
543,270,4
543,728,5
544,397,1
544,644,6
544,712,1
545,211,2
545,259,2
545,273,2
545,556,2
545,714,1
545,799,2
545,856,2
545,872,5
545,927,2
546,6,3
546,292,1
546,412,6
546,484,2
546,748,6
547,13,1
547,550,1
547,552,2
547,921,1
548,409,2
548,772,3
548,855,1
548,1009,3
549,14,6
549,121,1
549,137,2
549,699,2
550,347,1
551,187,2
551,363,1
551,695,4
552,151,1
552,292,1
552,412,1
552,748,1
552,922,1
552,934,1
553,167,3
553,303,3
553,363,2
553,528,6
553,652,2
553,663,2
553,739,2
553,1041,1
555,255,4
555,260,5
555,475,3
555,631,6
556,20,3
556,147,2
556,197,6
556,337,3
556,729,6
556,1045,5
558,60,1
558,281,2
558,505,1
558,767,3
558,903,1
559,141,2
559,475,2
559,696,2
560,187,2
560,605,5
560,1030,3
563,1312,5
564,57,1
564,149,1
564,427,1
564,688,4
566,875,2
567,297,6
568,309,6
568,512,6
568,749,3
568,824,4
569,25,3
569,340,6
570,478,2
570,773,3
570,881,3
570,884,4
571,70,4
571,187,6
571,626,5
571,637,5
572,959,3
573,260,3
573,321,3
573,371,3
573,467,1
573,814,3
573,884,2
574,0,4
574,386,3
574,579,2
574,1021,6
575,113,4
577,178,6
577,198,6
577,972,3
578,54,3
578,96,4
578,244,2
578,253,2
578,330,3
578,842,4
578,982,5
579,53,2
579,364,3
579,580,4
579,826,2
579,910,2
579,1021,1
580,288,1
580,362,1
580,364,2
580,592,1
580,857,1
582,179,5
582,1014,1
583,60,2
583,488,1
584,43,6
584,74,5
584,191,4
584,447,5
584,828,5
585,73,3
585,134,1
585,491,1
585,735,1
585,833,1
586,703,6
586,826,1
587,128,4
587,419,4
587,709,4
588,276,1
588,351,1
588,855,2
589,196,1
589,913,1
590,881,6
591,134,2
591,209,1
591,214,4
591,573,3
591,697,1
591,825,5
592,68,4
592,285,6
593,134,2
593,334,2
593,453,2
593,1038,2
594,450,3
595,53,1
595,284,4
595,458,1
596,42,1
596,995,1
596,1057,2
598,473,2
598,602,2
598,1011,3
599,90,6
599,199,5
599,406,2
599,443,5
599,639,2
599,663,1
600,1032,6
602,264,2
602,473,5
602,875,5
602,1011,3
603,524,5
603,839,4
603,918,1
603,954,1
603,1010,2
604,14,3
604,190,3
604,352,5
604,549,3
604,664,3
604,690,3
604,738,5
604,978,1
605,429,5
605,449,3
605,560,5
605,915,3
605,1030,4
606,0,2
606,749,1
606,995,3
607,8,1
607,267,1
607,412,1
607,546,1
607,733,4
607,851,6
607,867,6
607,1023,1
608,46,2
608,64,4
608,216,1
608,470,2
610,372,5
610,487,1
610,969,5
613,356,6
613,439,3
615,384,1
615,439,4
615,601,2
615,730,4
615,799,2
617,721,1
617,783,1
618,733,2
618,922,3
619,167,1
619,396,1
619,656,1
619,663,1
619,688,2
619,923,2
619,1052,6
619,1057,3
622,188,4
624,688,2
624,919,1
625,26,3
625,162,1
625,473,1
625,778,1
625,801,1
625,862,1
625,1032,1
626,70,2
626,187,1
626,398,4
626,508,1
626,571,5
626,802,2
628,68,4
628,115,5
628,285,2
628,1021,3
629,8,2
629,426,1
629,546,3
629,742,1
629,762,1
630,117,1
630,1257,4
631,260,5
631,555,6
631,678,4
632,149,2
632,476,1
632,914,2
633,516,6
633,918,3
633,955,3
635,203,3
635,272,3
635,327,2
635,401,1
635,541,5
635,612,6
635,652,4
635,670,4
636,834,6
637,332,3
637,571,4
639,90,4
639,176,4
639,443,6
639,599,3
639,663,6
639,870,5
640,39,5
640,200,2
640,244,6
640,275,3
640,578,5
640,916,3
641,208,6
641,441,1
641,452,2
641,705,3
642,105,3
642,427,6
642,647,4
642,728,5
642,787,5
643,424,4
643,928,6
644,816,3
645,5,6
645,512,6
646,104,2
646,206,5
646,1119,4
646,1234,4
647,408,1
647,448,4
647,482,2
647,774,1
647,787,6
647,852,6
647,924,1
649,420,5
649,427,6
649,745,6
649,843,2
650,371,2
650,425,2
651,39,3
651,394,6
651,523,6
651,869,3
651,998,4
651,1057,2
652,176,4
652,635,4
654,404,2
654,733,2
654,740,6
654,762,2
654,1040,6
655,190,3
655,262,3
656,396,6
656,619,2
656,717,1
656,829,4
656,830,4
656,1020,2
657,91,1
658,97,5
658,264,1
658,374,5
658,433,1
658,857,1
658,875,1
660,25,4
660,565,2
661,171,1
661,185,4
661,306,1
661,482,2
662,475,3
662,856,3
663,203,2
663,272,4
663,401,6
663,639,5
663,652,3
663,870,2
664,134,2
664,190,2
664,274,2
664,483,2
664,604,2
666,136,6
666,208,3
666,441,5
666,507,4
666,769,6
666,865,6
667,156,1
667,218,1
667,368,2
667,846,1
667,856,1
668,269,6
668,861,6
669,207,1
669,481,2
669,491,1
670,154,2
670,519,4
670,541,3
670,612,6
670,682,2
671,115,1
671,305,2
671,475,2
671,623,3
671,1035,2
673,52,3
673,76,3
673,84,2
673,280,3
673,466,3
673,533,3
674,382,3
674,397,5
674,564,2
674,691,5
674,871,3
676,34,6
676,411,5
676,907,2
678,125,3
678,405,3
678,830,4
679,499,5
679,501,4
679,940,5
679,1007,5
680,133,1
680,246,4
680,348,5
680,373,4
680,645,6
680,829,2
680,910,6
680,984,5
681,859,1
681,1017,2
682,90,6
682,327,4
682,670,2
682,870,6
683,534,4
683,692,6
683,1039,3
684,472,6
684,636,4
684,834,6
684,963,1
684,1054,3
685,189,2
685,955,2
685,961,5
686,8,3
686,353,2
686,412,1
686,688,6
686,757,3
686,923,3
687,34,2
687,89,3
687,384,1
687,411,4
688,81,1
688,167,3
688,332,2
688,518,2
688,619,2
688,1052,2
689,629,1
689,1018,6
690,74,2
690,100,5
690,121,2
690,352,6
690,468,2
691,1,3
691,3,1
691,382,2
691,564,1
691,674,6
691,677,1
691,871,3
691,895,1
692,51,2
692,534,3
692,683,3
692,1011,2
692,1039,6
693,378,1
693,380,1
693,674,1
693,677,1
693,708,1
694,238,6
694,868,6
695,158,4
695,363,5
695,551,4
695,1027,2
696,8,2
696,50,2
696,533,2
696,902,3
696,917,2
697,260,1
697,475,1
697,555,3
697,631,6
697,681,1
697,814,1
697,1381,3
701,1014,3
702,116,2
702,318,4
702,432,2
702,450,6
702,518,5
702,705,5
702,743,2
702,929,4
703,172,5
703,448,2
703,503,2
703,586,5
703,840,3
704,21,2
704,146,1
704,219,1
704,452,1
704,777,3
705,318,1
705,450,1
705,702,6
705,763,3
706,535,1
707,194,1
707,196,1
707,385,1
709,1,1
709,419,4
709,747,2
710,192,2
711,845,1
711,1230,5
712,217,1
712,397,1
712,544,1
712,914,1
713,26,1
713,408,5
713,412,1
713,426,3
713,546,1
713,607,4
713,748,1
713,851,4
715,264,2
715,525,2
715,737,1
715,877,2
716,88,4
716,164,2
717,866,3
718,603,2
718,1010,6
719,29,1
719,186,1
719,212,2
719,453,1
719,499,1
719,1042,3
720,3,2
721,708,6
721,816,6
722,17,6
722,283,6
722,351,4
722,991,2
723,945,4
725,32,3
725,59,1
725,461,2
725,613,3
725,788,3
725,1024,1
726,74,1
727,28,1
727,171,6
727,417,4
727,745,5
728,270,6
728,543,6
729,353,5
729,402,4
729,556,6
729,843,3
729,949,6
729,1045,5
730,72,1
730,96,1
730,313,1
730,384,6
730,615,3
730,687,1
730,1042,1
731,253,4
731,472,3
731,473,2
731,481,2
731,809,1
733,477,5
733,546,1
733,607,4
733,618,4
733,634,3
733,742,4
733,851,6
734,326,5
734,353,3
734,782,5
734,1031,6
736,405,2
736,843,5
737,266,1
737,333,1
737,526,1
737,1033,1
739,30,2
739,328,3
739,810,5
739,993,4
740,131,3
740,148,4
740,242,4
740,285,4
740,370,3
740,598,6
740,654,5
740,844,4
740,1040,5
741,6,2
741,8,6
741,200,1
741,299,1
741,427,6
742,511,4
743,71,2
743,116,3
743,208,5
743,441,5
743,507,2
743,769,4
745,146,3
745,293,5
745,427,6
745,649,6
746,406,6
746,414,6
748,292,1
748,412,4
748,484,1
748,530,1
748,546,5
749,173,4
750,1012,2
751,49,3
751,197,1
751,1043,3
752,19,4
752,337,5
752,888,1
752,1055,1
755,374,3
755,486,2
755,1004,1
755,1014,2
756,129,3
757,882,2
758,349,2
758,368,6
758,475,2
760,200,3
760,555,1
760,807,1
761,97,6
761,390,2
761,489,4
761,658,5
763,198,3
763,705,3
764,542,1
764,654,2
766,59,1
766,356,1
766,886,1
767,76,6
767,281,1
767,542,1
767,558,5
768,17,1
768,183,1
768,193,1
768,404,2
768,563,3
768,686,3
768,906,1
769,71,5
769,208,6
769,450,6
769,507,6
769,666,4
769,743,4
771,206,1
771,847,1
772,102,2
772,548,2
772,1009,6
773,22,1
773,113,1
773,464,1
773,570,1
773,883,1
774,40,6
774,122,5
774,220,5
774,293,3
774,924,3
774,952,3
776,197,4
777,21,4
777,181,3
777,219,5
777,441,3
777,452,5
778,13,1
778,908,1
778,999,1
779,373,1
779,680,3
779,910,1
779,984,1
780,269,4
780,668,4
780,861,3
780,952,1
781,26,3
781,155,3
781,359,3
781,404,1
781,527,1
782,467,3
782,1055,5
784,48,2
784,906,2
785,54,2
785,172,2
785,825,2
786,200,3
786,470,2
786,880,1
787,293,3
787,353,2
787,482,4
787,647,6
787,888,2
787,924,2
787,952,3
789,192,3
789,424,2
789,563,3
789,566,2
790,128,1
790,142,1
790,436,1
790,709,1
791,367,2
791,597,2
791,890,6
792,655,5
792,829,1
792,897,1
792,978,5
792,997,3
792,1050,3
793,68,1
793,301,1
793,930,1
794,30,4
794,350,1
794,360,1
794,371,2
794,667,2
794,884,4
794,993,2
795,75,5
795,220,4
795,319,5
795,408,4
795,668,3
796,35,2
796,267,2
796,283,2
796,345,5
796,399,4
796,713,4
796,969,4
798,301,2
798,473,2
799,103,5
799,817,4
801,115,1
801,189,1
801,625,2
801,862,4
801,927,1
802,571,4
802,576,6
802,626,3
802,962,6
803,33,2
803,242,2
803,525,2
803,675,2
805,78,2
810,30,1
810,70,1
810,328,3
810,350,1
810,508,1
810,739,4
810,993,4
811,539,1
811,866,6
811,1012,1
812,827,3
813,0,2
813,596,1
813,995,2
813,1021,1
815,14,1
815,261,3
815,549,1
815,731,3
815,916,3
815,1018,2
817,194,4
817,514,4
817,799,4
818,22,2
818,156,2
818,184,3
818,350,4
818,855,1
818,884,4
819,461,6
820,394,3
821,78,3
821,157,5
821,200,1
821,325,5
821,807,5
821,966,6
822,450,1
823,178,2
823,414,5
823,446,1
823,746,4
823,996,6
824,309,3
824,323,5
824,398,3
824,422,5
824,568,5
825,20,5
825,960,4
826,586,1
827,74,1
827,930,4
828,43,3
828,74,1
828,447,2
828,584,5
828,939,2
829,336,2
829,656,4
829,680,2
829,830,6
829,1052,4
829,1057,6
830,829,6
830,1052,5
830,1057,6
833,22,2
833,156,2
833,184,1
833,264,3
833,350,1
833,585,2
833,669,2
833,740,3
834,472,5
834,636,6
834,684,6
834,859,6
834,1027,1
835,142,6
835,384,3
840,20,3
840,503,6
840,703,2
840,944,2
840,1043,5
841,454,5
842,253,1
842,578,3
842,591,1
843,252,1
843,405,2
843,433,6
843,478,1
843,736,5
844,98,1
844,131,2
844,370,1
844,371,1
844,484,1
844,487,2
844,602,1
844,875,1
845,711,2
846,371,6
846,650,4
846,925,4
847,32,2
847,83,1
847,196,4
847,201,2
847,526,2
847,621,1
847,711,2
847,725,1
847,1024,4
848,253,2
848,835,2
848,878,1
848,945,1
849,253,3
849,263,1
850,46,3
850,263,1
850,436,4
850,563,4
850,566,3
850,878,1
850,1019,1
851,124,3
851,210,3
851,211,1
851,213,4
851,536,1
851,732,2
851,879,1
851,1056,1
852,1,2
852,21,2
852,448,1
852,504,6
852,647,5
852,924,1
853,55,2
853,164,1
853,930,1
854,162,2
854,616,2
855,184,1
855,285,1
855,295,1
855,350,1
855,464,1
855,818,1
856,454,6
856,662,3
857,15,2
857,25,2
857,66,2
857,288,5
857,354,3
857,362,4
857,983,2
858,476,5
859,54,6
859,172,4
859,209,3
859,521,6
859,636,4
859,684,5
859,703,3
859,834,6
859,864,2
861,270,5
861,303,1
861,668,5
863,456,5
863,1031,2
864,209,5
864,399,1
864,407,1
864,428,5
864,475,1
864,719,1
864,822,1
864,984,5
864,1056,1
865,169,4
865,208,2
865,441,2
865,507,1
865,518,2
865,666,6
865,742,3
865,743,3
866,540,3
866,717,4
867,607,6
867,851,6
869,896,1
870,90,6
870,154,3
870,199,2
870,401,2
870,541,6
870,612,5
870,635,3
870,682,6
871,382,2
871,564,3
871,674,5
871,691,5
872,495,4
872,545,3
873,218,1
873,775,3
873,915,2
874,329,1
874,330,1
874,504,1
875,97,2
875,566,1
875,602,3
875,844,1
876,438,2
876,499,2
876,501,3
876,1007,3
877,141,2
877,793,1
878,437,2
878,931,2
879,42,3
879,48,6
879,273,2
879,614,2
879,633,2
880,422,1
880,786,3
881,184,1
881,590,6
881,915,1
882,49,5
882,130,4
882,432,5
884,327,1
884,328,4
884,350,2
884,464,4
884,794,2
884,818,5
884,1011,5
888,19,2
888,353,6
888,752,3
889,776,1
889,921,6
892,250,5
892,265,2
892,793,2
892,969,3
892,1045,2
893,116,1
894,896,2
895,289,1
895,297,2
895,397,4
895,564,1
895,1060,1
896,268,5
896,869,5
896,894,3
896,983,1
897,235,1
897,360,2
897,499,1
897,957,3
898,158,2
898,309,2
898,576,2
898,695,3
898,806,2
898,890,2
900,100,1
901,59,2
901,142,3
901,179,1
901,563,3
901,945,2
901,1029,2
902,788,5
902,1024,5
903,99,6
904,140,3
904,177,6
904,336,4
904,1044,6
905,674,1
905,749,1
906,536,5
907,115,3
907,193,2
907,555,1
907,628,1
907,676,1
908,13,1
908,223,6
908,661,1
908,778,1
908,906,2
908,921,1
908,999,1
909,782,2
910,252,1
910,450,1
910,680,1
910,943,6
911,99,1
911,228,1
911,278,4
911,475,1
911,903,1
912,53,2
912,370,1
915,111,1
915,177,1
915,290,3
915,429,5
915,1030,4
915,1049,2
916,14,1
916,147,3
916,212,2
916,244,1
916,549,1
916,815,4
916,900,3
917,14,1
917,98,4
917,229,2
917,264,1
917,491,2
917,562,4
917,892,2
918,47,5
918,633,6
918,742,1
918,934,2
918,979,6
918,1023,6
919,180,5
919,1012,5
920,68,4
920,440,1
921,25,1
921,415,1
921,854,1
921,889,5
922,618,2
922,762,6
923,167,3
923,176,5
923,272,3
923,332,3
923,682,3
923,688,4
923,763,6
924,293,1
924,450,1
924,647,2
924,774,2
924,787,1
924,952,1
925,133,1
925,373,6
925,744,1
925,779,2
925,846,3
926,143,2
926,343,2
926,841,2
927,259,6
927,340,3
927,433,6
927,546,2
927,917,2
928,243,3
929,81,3
929,130,3
929,318,6
929,432,2
929,450,4
929,518,2
929,702,6
929,705,3
929,972,5
930,74,3
930,88,3
930,827,3
931,114,3
931,391,2
931,849,2
931,850,1
933,695,2
933,728,2
934,511,6
934,918,1
934,1023,3
936,260,1
936,623,2
936,660,1
937,197,3
937,479,3
937,1004,3
937,1038,2
938,174,1
938,1046,1
940,438,4
940,499,4
940,501,4
940,679,4
940,1031,4
941,675,1
941,835,4
941,946,3
943,81,3
943,252,6
943,478,1
944,220,4
944,503,3
944,840,1
944,1043,3
947,92,4
948,11,6
948,13,6
948,145,4
948,859,1
949,353,4
949,729,6
949,840,3
949,843,3
950,849,2
951,356,1
951,737,1
952,293,5
953,437,2
954,300,6
954,774,5
954,948,4
955,633,3
955,830,2
955,918,1
955,1359,3
956,231,5
956,283,2
956,396,2
956,656,5
957,235,1
957,360,4
957,409,1
957,897,2
959,199,3
959,339,3
959,351,3
959,443,5
959,572,5
959,612,1
959,996,1
959,1057,1
960,200,6
960,483,3
960,825,6
961,428,6
961,685,6
961,745,3
961,954,4
961,956,2
961,984,5
962,178,1
962,406,6
962,414,4
962,577,2
962,802,5
962,894,4
963,374,2
965,98,1
965,229,6
965,496,1
966,157,6
966,478,3
966,821,6
967,148,2
967,163,1
967,468,1
967,556,1
967,581,2
967,863,2
968,25,2
968,47,3
968,267,1
968,372,1
968,502,3
969,35,5
971,117,1
971,225,1
971,920,1
971,951,1
971,1206,1
972,28,1
972,320,4
972,406,1
972,577,3
972,929,4
974,122,6
974,336,4
974,757,3
974,995,1
974,1003,3
976,1010,6
977,8,2
977,10,2
977,25,2
978,449,3
978,487,2
978,503,1
978,703,1
978,997,2
979,47,6
979,511,1
979,633,1
979,742,2
979,918,3
979,934,1
979,1023,2
980,119,4
980,267,1
980,733,1
983,108,2
983,392,3
984,112,3
984,246,3
984,389,4
984,428,6
984,680,4
984,749,2
984,864,2
985,254,2
985,791,1
986,48,5
986,66,2
987,259,4
987,938,1
987,1043,1
987,1046,4
988,120,2
988,254,6
988,265,1
988,316,2
988,496,2
989,45,6
989,258,4
989,344,4
989,614,6
990,360,5
991,272,6
991,327,3
992,638,5
992,859,5
992,1020,4
993,30,5
993,70,1
993,328,5
993,363,2
993,739,4
993,810,5
994,393,1
995,0,6
995,596,3
995,606,5
995,813,4
995,1021,1
996,178,2
996,248,3
996,327,4
996,823,6
997,0,1
997,61,1
997,233,1
997,336,5
997,439,2
997,978,2
997,996,1
999,13,3
999,223,1
999,778,1
999,798,1
999,857,1
999,908,1
1001,1,1
1001,46,4
1001,137,3
1001,747,2
1004,309,5
1004,540,1
1004,571,1
1005,63,1
1005,915,1
1005,962,1
1005,1030,1
1007,438,4
1007,499,6
1007,679,5
1008,55,3
1008,88,1
1008,540,4
1009,102,2
1009,548,1
1009,772,5
1009,884,2
1010,269,4
1010,668,6
1010,718,4
1010,839,5
1010,976,5
1012,559,2
1013,156,1
1013,523,4
1013,773,1
1014,485,5
1014,755,1
1014,963,1
1016,184,2
1016,881,6
1017,457,3
1017,573,3
1018,95,5
1018,388,3
1018,689,6
1019,232,4
1019,564,1
1019,1026,1
1019,1029,2
1020,39,1
1020,158,1
1020,281,1
1020,396,1
1020,656,1
1020,717,1
1021,0,3
1021,55,1
1021,485,1
1021,574,5
1021,695,3
1021,995,4
1022,538,4
1023,47,2
1023,354,1
1023,511,1
1023,655,2
1023,918,4
1023,934,4
1023,1296,1
1024,720,1
1024,847,4
1026,232,2
1026,1019,2
1027,187,3
1027,695,4
1027,828,2
1027,834,4
1028,103,2
1028,489,6
1028,778,2
1028,907,2
1028,1056,2
1029,230,3
1029,232,3
1029,1019,3
1029,1026,6
1030,168,6
1030,429,5
1030,539,1
1030,560,3
1030,605,6
1030,915,4
1030,962,1
1030,1044,5
1031,22,1
1031,420,1
1031,464,1
1031,794,6
1031,884,2
1031,940,5
1031,1034,2
1032,108,3
1032,502,1
1032,600,6
1033,266,2
1033,333,2
1033,526,2
1033,737,2
1036,557,1
1037,286,1
1037,397,1
1037,439,2
1037,544,1
1037,712,1
1037,858,1
1037,895,1
1038,453,4
1039,534,1
1039,692,5
1039,986,1
1039,1011,1
1040,525,2
1040,653,1
1040,654,5
1040,740,1
1041,446,1
1041,478,6
1041,966,5
1042,313,6
1042,342,2
1042,349,2
1042,499,3
1042,656,1
1042,940,2
1043,503,2
1043,840,4
1043,944,4
1044,139,4
1044,140,4
1044,429,5
1044,904,6
1044,1030,6
1045,147,3
1045,197,6
1045,326,1
1045,448,1
1045,556,6
1045,729,5
1045,738,4
1046,372,4
1046,487,3
1046,819,3
1046,938,2
1047,873,4
1048,873,5
1049,66,3
1049,119,2
1049,162,2
1049,390,2
1049,683,3
1050,55,3
1050,80,6
1050,400,6
1050,428,3
1050,524,6
1051,114,6
1052,167,2
1052,332,5
1052,619,6
1052,688,2
1052,829,5
1052,830,5
1053,109,6
1053,139,2
1053,360,2
1053,398,4
1053,755,4
1053,792,2
1053,974,2
1054,684,5
1054,834,1
1054,958,2
1054,963,4
1055,782,2
1055,888,3
1056,316,6
1056,830,6
1056,1032,6
1057,136,4
1057,666,4
1057,829,6
1057,830,6
1057,1052,6
1059,108,1
1059,222,1
1059,305,3
1059,352,1
1059,504,1
1059,686,2
1060,1141,5
1061,1092,2
1061,1095,1
1061,1164,2
1061,1201,2
1061,1432,2
1061,1441,1
1062,1119,6
1062,1208,3
1063,1142,1
1063,1147,4
1063,1160,4
1063,1300,3
1063,1343,2
1063,1390,6
1063,1401,4
1063,1458,5
1064,1352,1
1064,1355,1
1064,1439,1
1066,1074,3
1066,1184,4
1066,1202,1
1066,1296,2
1066,1310,2
1066,1359,1
1067,1064,1
1067,1105,1
1067,1117,1
1067,1125,3
1067,1182,2
1067,1198,3
1067,1208,1
1067,1342,4
1067,1448,3
1068,1198,6
1068,1342,1
1069,918,5
1069,1072,6
1069,1075,1
1069,1082,5
1069,1211,2
1069,1328,4
1069,1331,3
1069,1434,6
1071,1063,6
1071,1082,1
1071,1085,3
1071,1328,4
1071,1331,3
1071,1387,1
1071,1433,6
1072,1069,6
1072,1211,5
1072,1328,5
1072,1331,5
1073,1105,1
1073,1182,1
1073,1289,1
1073,1344,1
1073,1352,1
1073,1373,1
1073,1437,1
1074,1066,2
1074,1184,2
1074,1202,4
1074,1296,2
1075,1072,2
1075,1082,1
1075,1093,1
1075,1253,2
1075,1328,1
1075,1433,1
1075,1440,3
1076,689,4
1076,1157,3
1076,1270,2
1076,1288,2
1076,1301,2
1076,1321,2
1076,1398,5
1076,1423,5
1079,1182,1
1079,1254,1
1079,1264,2
1080,1193,1
1080,1228,2
1080,1233,2
1080,1325,1
1081,1066,2
1081,1074,1
1081,1084,3
1081,1088,2
1081,1202,2
1081,1296,6
1081,1297,1
1081,1354,2
1082,1069,2
1082,1071,2
1082,1072,2
1082,1075,4
1082,1218,3
1083,1113,6
1083,1203,1
1083,1312,5
1083,1357,6
1083,1382,3
1083,1404,1
1084,1066,4
1084,1081,6
1084,1088,4
1084,1107,1
1084,1188,2
1084,1292,6
1084,1296,6
1084,1354,3
1084,1359,1
1085,1115,5
1085,1198,2
1085,1207,1
1085,1363,1
1085,1399,1
1085,1448,4
1086,1104,4
1086,1126,2
1086,1183,3
1086,1412,3
1086,1428,3
1088,1074,2
1088,1081,3
1088,1084,5
1088,1147,2
1088,1202,4
1088,1292,3
1088,1296,6
1088,1297,3
1088,1354,4
1089,1232,2
1089,1347,4
1089,1351,3
1090,1294,2
1090,1387,3
1090,1406,5
1090,1412,4
1090,1440,5
1090,1449,5
1091,1065,1
1091,1125,1
1091,1229,1
1091,1289,1
1091,1290,1
1091,1344,1
1091,1352,1
1091,1408,1
1092,1070,2
1092,1164,5
1092,1201,5
1092,1250,4
1092,1358,4
1092,1379,4
1092,1417,4
1092,1441,3
1093,1127,3
1093,1147,2
1093,1188,1
1093,1219,2
1093,1318,1
1093,1338,1
1093,1407,4
1094,1253,2
1094,1287,2
1094,1290,2
1094,1413,6
1095,1106,6
1095,1164,3
1095,1201,1
1095,1379,1
1096,1457,2
1097,1063,1
1097,1216,1
1097,1320,5
1097,1323,5
1097,1333,2
1097,1336,2
1098,1151,5
1098,1304,4
1098,1306,2
1098,1434,1
1100,1190,2
1100,1202,2
1100,1278,3
1100,1314,2
1100,1338,2
1100,1349,2
1102,1203,2
1102,1266,2
1102,1383,2
1103,1211,2
1103,1214,2
1103,1276,3
1103,1335,5
1103,1406,2
1104,1153,2
1104,1275,4
1105,1067,1
1105,1073,2
1105,1340,1
1106,1095,3
1106,1131,1
1106,1246,1
1106,1385,2
1106,1412,1
1106,1417,1
1109,918,2
1109,1069,1
1109,1074,3
1109,1136,3
1109,1147,2
1109,1196,1
1109,1297,3
1109,1416,4
1109,1446,2
1109,1455,2
1112,1235,3
1112,1405,4
1113,1083,6
1113,1240,2
1113,1357,6
1113,1382,1
1114,1107,1
1114,1196,2
1114,1422,2
1115,1163,2
1115,1216,4
1115,1295,3
1115,1372,4
1115,1397,6
1116,1105,1
1116,1125,2
1116,1139,2
1118,1412,1
1118,1434,3
1119,1208,4
1119,1234,6
1120,1255,4
1120,1294,6
1121,1249,2
1121,1254,2
1121,1408,2
1122,1212,1
1122,1350,1
1122,1380,6
1123,1119,2
1123,1169,1
1123,1187,2
1123,1193,1
1123,1315,3
1123,1320,1
1123,1323,1
1123,1333,3
1123,1372,1
1125,1067,5
1125,1137,6
1125,1139,5
1125,1182,3
1125,1226,6
1125,1289,6
1125,1326,3
1126,1183,5
1126,1298,2
1126,1303,2
1126,1349,1
1126,1394,1
1126,1398,2
1126,1423,1
1127,1093,1
1127,1219,3
1131,121,6
1133,1188,5
1133,1231,1
1133,1268,4
1133,1358,2
1134,1158,6
1134,1216,4
1134,1268,3
1134,1333,3
1134,1422,4
1134,1450,3
1135,1125,3
1135,1192,1
1135,1207,4
1135,1333,2
1135,1395,4
1136,1103,1
1136,1203,1
1136,1262,3
1136,1317,4
1136,1446,2
1137,1078,1
1137,1187,5
1137,1226,2
1137,1295,3
1138,1162,3
1139,1125,3
1140,1162,3
1140,1401,2
1142,987,1
1142,1063,1
1142,1300,2
1142,1401,2
1143,1275,3
1143,1286,2
1144,1206,1
1146,1097,2
1146,1341,2
1147,955,1
1147,1131,3
1147,1160,4
1147,1209,1
1147,1265,1
1147,1301,2
1147,1302,4
1147,1345,2
1147,1390,5
1148,1176,4
1148,1440,2
1149,1311,1
1150,1074,1
1150,1297,1
1150,1310,1
1150,1329,1
1150,1410,1
1151,1098,6
1151,1107,4
1151,1176,1
1151,1182,6
1151,1225,2
1151,1268,6
1151,1304,5
1151,1380,3
1151,1429,1
1152,1094,2
1152,1235,2
1152,1328,2
1153,509,1
1153,1158,1
1153,1370,1
1153,1456,3
1154,1191,2
1155,1092,3
1155,1350,1
1155,1409,5
1155,1417,5
1155,1441,3
1157,1076,1
1157,1126,1
1157,1176,2
1157,1288,2
1157,1303,4
1157,1321,4
1157,1398,3
1157,1415,1
1157,1423,3
1157,1429,2
1158,1134,3
1160,1147,2
1160,1301,2
1160,1345,3
1160,1390,3
1161,1225,2
1161,1261,6
1161,1297,3
1161,1354,2
1161,1430,6
1161,1459,2
1162,1138,4
1162,1140,2
1162,1217,1
1162,1365,4
1163,1115,1
1163,1146,1
1163,1168,1
1163,1187,1
1163,1216,1
1163,1333,1
1164,1092,3
1164,1095,3
1164,1201,4
1164,1358,4
1164,1367,1
1164,1379,1
1164,1432,1
1164,1441,1
1165,1250,4
1166,1235,5
1166,1238,1
1166,1388,1
1166,1433,1
1167,1185,2
1167,1227,6
1167,1358,2
1167,1380,2
1167,1432,5
1168,1134,1
1168,1158,2
1168,1451,1
1169,976,1
1169,1196,5
1169,1231,3
1170,1162,1
1170,1217,1
1172,1130,3
1172,1346,3
1172,1375,4
1173,1120,2
1173,1203,2
1173,1220,1
1173,1290,1
1173,1308,1
1173,1433,1
1174,1412,1
1174,1440,2
1174,1452,3
1176,1107,3
1176,1148,5
1176,1157,3
1176,1231,3
1176,1272,1
1176,1303,3
1176,1326,6
1176,1380,2
1176,1429,6
1177,1131,6
1177,1256,1
1177,1280,5
1178,1365,2
1179,1182,2
1179,1215,3
1179,1245,1
1179,1362,4
1179,1375,1
1180,1126,2
1180,1183,3
1180,1298,4
1180,1303,2
1180,1366,2
1180,1394,2
1180,1398,2
1180,1423,2
1181,1147,1
1181,1267,4
1181,1300,3
1181,1458,3
1182,1136,2
1182,1333,3
1182,1422,2
1182,1450,2
1183,1126,4
1183,1180,3
1183,1298,1
1183,1303,1
1184,1074,2
1184,1107,4
1184,1310,6
1184,1359,4
1185,1150,1
1185,1161,4
1185,1380,6
1185,1412,1
1185,1430,4
1187,1060,2
1187,1137,5
1187,1226,1
1187,1315,2
1188,1084,3
1188,1088,3
1188,1133,2
1188,1209,1
1188,1244,2
1188,1270,2
1188,1390,3
1189,1083,3
1189,1317,3
1189,1348,3
1189,1357,3
1189,1382,3
1190,566,1
1190,1100,2
1190,1325,2
1190,1336,2
1190,1450,2
1191,41,5
1191,1322,3
1192,1125,1
1192,1135,1
1192,1370,4
1193,138,1
1193,196,1
1193,514,4
1193,675,1
1193,1450,1
1195,1193,2
1195,1315,3
1195,1422,2
1195,1426,2
1197,1260,2
1197,1307,1
1197,1368,1
1197,1440,3
1198,1085,1
1198,1355,3
1198,1448,5
1199,1262,2
1199,1353,2
1199,1431,2
1201,1061,1
1201,1092,3
1201,1095,1
1201,1164,6
1201,1358,3
1201,1379,2
1201,1432,1
1202,1074,6
1202,1081,4
1202,1296,3
1202,1297,6
1202,1343,4
1202,1354,6
1203,1266,1
1203,1383,1
1203,1406,1
1204,73,1
1204,134,3
1204,1120,1
1204,1209,2
1205,1150,5
1207,1085,2
1207,1448,2
1207,1456,4
1208,3,3
1208,391,6
1208,766,6
1208,1119,6
1208,1234,4
1208,1422,5
1209,1366,2
1210,1104,1
1210,1143,1
1211,1069,2
1211,1244,2
1211,1294,2
1211,1328,6
1211,1331,5
1211,1406,1
1211,1433,3
1212,1133,1
1212,1231,2
1212,1268,3
1212,1343,1
1213,1185,1
1213,1241,4
1213,1415,1
1215,1404,6
1216,1281,1
1216,1320,2
1216,1323,1
1216,1372,4
1216,1422,1
1217,1170,1
1217,1194,1
1217,1325,1
1217,1375,1
1218,1294,4
1218,1328,5
1218,1331,5
1218,1433,5
1220,1087,5
1220,1259,3
1220,1353,3
1220,1454,5
1221,1108,4
1222,1259,3
1223,1181,2
1223,1188,1
1223,1232,2
1223,1267,2
1223,1283,1
1223,1351,1
1223,1412,1
1223,1429,1
1223,1444,1
1223,1459,1
1225,1074,2
1225,1131,2
1225,1270,5
1225,1296,2
1225,1297,2
1225,1310,2
1225,1354,2
1227,1089,1
1227,1167,5
1227,1272,1
1227,1350,1
1228,1080,1
1228,1177,3
1228,1280,2
1228,1379,1
1228,1381,1
1229,1090,5
1229,1105,5
1229,1136,5
1229,1192,1
1229,1363,5
1229,1370,1
1229,1389,1
1229,1456,5
1230,675,2
1230,711,6
1230,1323,1
1230,1333,1
1230,1422,1
1230,1450,2
1231,1169,4
1231,1176,1
1231,1185,4
1231,1196,5
1231,1268,3
1231,1380,4
1231,1452,1
1234,1119,4
1234,1422,1
1235,1152,5
1235,1238,2
1235,1449,4
1237,1024,1
1237,1105,6
1237,1125,3
1237,1137,3
1237,1198,2
1238,1121,1
1238,1139,1
1238,1166,1
1238,1175,1
1238,1224,5
1238,1350,6
1238,1408,1
1239,1222,5
1239,1259,6
1239,1311,5
1239,1453,5
1241,1094,1
1241,1213,5
1241,1235,3
1241,1290,1
1242,1311,2
1242,1312,2
1243,264,4
1243,1367,2
1244,1148,6
1244,1211,6
1244,1260,6
1244,1264,6
1244,1313,6
1244,1328,6
1244,1331,6
1244,1433,6
1244,1436,6
1245,1179,2
1245,1393,4
1245,1438,3
1246,84,2
1246,1092,2
1246,1106,1
1246,1165,1
1246,1266,4
1246,1402,6
1247,1160,1
1247,1269,1
1247,1301,1
1248,375,1
1248,381,1
1249,938,1
1249,1121,2
1249,1348,2
1250,1165,3
1250,1177,3
1250,1379,2
1250,1441,2
1252,1189,1
1253,1069,2
1253,1072,2
1253,1075,4
1253,1094,3
1253,1392,4
1254,1185,1
1254,1329,1
1254,1380,1
1255,1120,5
1255,1140,1
1255,1203,1
1257,114,5
1257,630,6
1257,1033,1
1258,1310,3
1258,1359,3
1258,1450,2
1259,1082,1
1259,1087,3
1259,1220,3
1259,1353,1
1259,1375,1
1259,1454,3
1261,1196,4
1261,1265,6
1261,1267,5
1261,1459,6
1262,1074,3
1262,1136,6
1262,1147,3
1262,1199,4
1262,1317,6
1262,1416,3
1263,1202,3
1263,1284,1
1263,1288,1
1263,1309,3
1263,1313,4
1263,1314,6
1265,409,1
1265,1061,1
1265,1081,1
1265,1196,3
1265,1261,6
1265,1316,1
1266,1203,3
1266,1207,1
1267,1261,6
1267,1318,5
1268,1212,3
1269,1188,1
1269,1247,1
1269,1380,1
1269,1390,1
1269,1412,3
1271,793,3
1271,1131,1
1271,1181,2
1271,1261,2
1271,1267,2
1271,1300,2
1274,1162,1
1274,1185,1
1274,1194,3
1274,1204,2
1274,1337,2
1275,1104,5
1275,1150,2
1275,1329,1
1275,1377,1
1275,1410,2
1275,1424,3
1276,1233,1
1276,1309,1
1276,1318,1
1276,1366,1
1276,1417,1
1276,1423,1
1277,1215,3
1277,1224,3
1277,1238,1
1277,1266,2
1277,1404,4
1279,1197,2
1279,1211,2
1279,1362,2
1280,1126,1
1280,1153,1
1280,1177,5
1280,1292,1
1280,1303,1
1280,1318,1
1280,1366,1
1281,1137,2
1281,1216,2
1281,1295,2
1281,1315,2
1281,1372,2
1281,1422,2
1281,1429,2
1283,1181,2
1283,1223,4
1283,1261,3
1283,1267,6
1283,1444,6
1284,1309,2
1284,1350,2
1287,1094,1
1288,1126,1
1288,1157,2
1288,1303,2
1288,1318,2
1288,1321,2
1288,1398,1
1288,1413,3
1288,1423,3
1289,1073,2
1289,1208,1
1289,1395,2
1290,1094,1
1290,1149,3
1290,1185,1
1291,1088,1
1291,1292,1
1291,1444,4
1292,1081,2
1292,1084,5
1292,1202,2
1292,1273,3
1292,1329,1
1293,1077,3
1293,1094,5
1294,339,4
1294,1328,1
1294,1331,2
1294,1433,1
1296,372,3
1296,1074,2
1296,1225,1
1296,1354,4
1298,1126,1
1298,1180,4
1298,1183,1
1298,1424,1
1299,1153,1
1299,1185,1
1299,1238,1
1299,1348,6
1299,1456,1
1300,1063,5
1300,1181,6
1300,1271,4
1301,1131,1
1301,1147,1
1301,1160,1
1301,1273,1
1301,1345,1
1301,1390,1
1302,1275,2
1302,1309,2
1302,1369,3
1303,1126,3
1303,1157,6
1303,1176,2
1303,1180,3
1303,1288,3
1303,1321,3
1303,1398,3
1303,1423,6
1304,1090,2
1304,1098,6
1304,1103,2
1304,1148,5
1304,1203,1
1304,1440,6
1305,1270,2
1305,1401,2
1305,1452,1
1306,1098,5
1306,1151,5
1306,1304,1
1307,1098,1
1307,1111,2
1307,1136,4
1308,1199,1
1308,1431,3
1309,1243,3
1309,1263,3
1309,1284,2
1309,1314,3
1309,1349,1
1309,1409,2
1309,1412,2
1310,1066,2
1310,1074,2
1310,1184,5
1310,1202,3
1310,1296,1
1310,1329,4
1310,1359,5
1310,1436,2
1311,1149,1
1311,1431,1
1311,1453,5
1312,1061,1
1312,1083,6
1312,1113,4
1312,1203,1
1312,1307,3
1312,1357,5
1313,1211,1
1313,1244,1
1313,1260,1
1314,1100,2
1314,1202,3
1314,1263,4
1314,1288,2
1314,1309,2
1314,1315,1
1314,1349,2
1314,1418,2
1314,1429,1
1315,1281,3
1317,802,2
1317,1136,6
1317,1262,6
1317,1416,3
1318,1076,4
1318,1157,5
1318,1177,3
1318,1181,4
1318,1267,5
1318,1270,4
1318,1280,5
1318,1321,4
1318,1398,4
1319,1204,1
1319,1215,6
1319,1220,1
1319,1224,4
1319,1404,5
1319,1454,1
1319,1457,1
1320,1097,4
1320,1336,2
1321,1157,3
1321,1270,1
1321,1288,2
1321,1303,2
1321,1318,1
1321,1398,4
1321,1423,2
1322,1103,1
1322,1191,5
1322,1214,1
1322,1357,1
1323,1097,5
1323,1216,1
1323,1336,3
1324,1099,2
1325,1193,3
1325,1295,1
1325,1422,2
1326,1107,3
1326,1176,5
1326,1254,1
1326,1429,5
1327,1076,2
1327,1234,3
1328,1211,5
1328,1294,1
1328,1331,5
1328,1406,1
1328,1433,3
1329,1074,5
1329,1184,4
1329,1196,2
1329,1202,5
1329,1310,6
1329,1359,5
1330,1070,4
1330,1248,4
1330,1251,4
1331,1069,1
1331,1211,4
1331,1294,4
1331,1328,5
1331,1433,2
1332,1083,2
1332,1252,2
1332,1368,4
1333,32,2
1333,1336,2
1335,1103,4
1335,1130,2
1335,1177,1
1335,1214,4
1335,1328,1
1335,1433,1
1336,1107,1
1336,1141,1
1336,1190,2
1336,1315,1
1336,1320,2
1336,1323,3
1336,1333,2
1337,1406,2
1338,807,2
1338,952,2
1338,1100,1
1338,1142,1
1338,1160,2
1338,1345,1
1339,1211,1
1339,1294,1
1339,1328,1
1339,1331,2
1339,1383,1
1339,1400,2
1340,1105,1
1340,1125,4
1340,1208,1
1340,1352,2
1340,1355,1
1341,1369,1
1342,1068,6
1342,1116,1
1342,1125,4
1342,1166,2
1342,1388,2
1343,1092,2
1343,1159,2
1343,1286,1
1343,1291,1
1343,1415,2
1343,1441,3
1343,1443,1
1343,1450,1
1344,1067,1
1344,1073,2
1344,1125,1
1344,1208,3
1344,1289,1
1344,1389,3
1344,1399,1
1345,1147,4
1345,1160,4
1345,1390,1
1345,1458,2
1346,1118,2
1346,1151,2
1346,1172,3
1346,1191,5
1346,1192,2
1346,1238,4
1346,1277,5
1346,1350,2
1347,1089,5
1347,1260,5
1347,1310,5
1347,1329,5
1347,1351,5
1348,1079,2
1348,1178,2
1348,1189,3
1348,1215,2
1348,1249,2
1348,1299,6
1348,1408,2
1349,923,2
1349,1101,1
1349,1233,4
1349,1280,1
1349,1314,2
1349,1321,1
1349,1418,1
1350,1224,4
1350,1227,1
1350,1361,1
1351,1089,6
1351,1177,1
1351,1310,3
1351,1347,4
1352,1073,1
1352,1208,1
1352,1422,1
1352,1445,1
1353,1087,3
1353,1220,3
1353,1259,1
1353,1454,3
1354,1074,1
1354,1084,5
1354,1088,5
1354,1150,2
1354,1184,4
1354,1202,6
1354,1296,4
1354,1297,6
1354,1343,2
1354,1380,1
1355,1105,3
1355,1198,1
1355,1208,3
1357,1083,6
1357,1103,1
1357,1113,5
1357,1189,1
1357,1197,1
1357,1312,6
1357,1382,1
1358,1092,2
1358,1095,1
1358,1164,4
1358,1201,3
1358,1379,1
1359,955,1
1359,1066,1
1359,1184,1
1359,1296,1
1359,1310,6
1359,1329,5
1359,1436,5
1360,1164,1
1360,1367,2
1360,1428,1
1361,1063,1
1361,1146,1
1361,1247,1
1361,1272,4
1361,1275,1
1361,1295,1
1361,1347,3
1362,1279,2
1363,1085,2
1363,1125,1
1363,1437,1
1364,1308,1
1364,1328,1
1364,1406,5
1364,1431,1
1365,1162,4
1365,1178,1
1365,1238,1
1365,1299,1
1365,1335,1
1365,1408,1
1365,1441,1
1366,1209,3
1366,1276,1
1366,1280,1
1366,1422,1
1366,1450,1
1367,1131,2
1367,1246,2
1367,1250,1
1367,1360,2
1368,1174,2
1368,1205,2
1368,1332,3
1369,1302,3
1370,1073,4
1370,1125,6
1370,1156,2
1370,1198,2
1370,1229,5
1370,1344,4
1370,1352,5
1370,1456,6
1371,1264,3
1371,1344,4
1371,1370,3
1371,1389,4
1371,1422,1
1373,723,1
1373,1140,1
1374,1149,1
1374,1389,1
1374,1445,1
1375,1130,6
1375,1172,4
1375,1319,4
1376,1074,2
1376,1150,3
1376,1202,2
1376,1225,2
1376,1270,2
1376,1296,2
1376,1407,2
1377,1101,1
1377,1196,2
1377,1336,2
1377,1380,1
1378,1209,3
1378,1273,3
1378,1459,4
1379,1092,5
1379,1095,4
1379,1164,2
1379,1201,2
1379,1358,2
1379,1385,3
1379,1424,4
1381,697,6
1381,1074,2
1381,1131,2
1381,1150,2
1381,1225,2
1381,1349,3
1383,1102,2
1383,1266,5
1383,1328,1
1383,1339,1
1383,1384,5
1383,1434,1
1383,1435,1
1384,1069,5
1384,1260,2
1384,1264,2
1384,1313,2
1384,1383,5
1384,1433,3
1384,1434,5
1384,1435,5
1385,1092,3
1385,1106,3
1385,1298,2
1385,1379,3
1386,1211,1
1386,1266,2
1386,1328,1
1386,1331,1
1386,1440,1
1387,1071,1
1387,1218,1
1387,1244,1
1387,1264,1
1387,1433,4
1388,1063,2
1388,1068,1
1388,1139,4
1388,1152,4
1388,1422,1
1388,1450,1
1389,1229,2
1389,1340,2
1389,1344,3
1389,1370,2
1389,1371,3
1390,1063,4
1390,1074,1
1390,1147,2
1390,1160,2
1390,1223,1
1390,1301,2
1390,1345,2
1390,1401,2
1390,1458,4
1391,1240,5
1391,1311,3
1393,481,3
1393,1245,4
1393,1266,1
1393,1438,5
1394,1126,1
1394,1303,1
1394,1444,1
1395,1289,2
1396,1426,2
1397,1115,5
1397,1333,1
1397,1372,4
1398,1076,6
1398,1181,1
1398,1280,1
1398,1303,4
1398,1304,4
1398,1318,4
1398,1423,6
1400,1188,1
1400,1328,1
1400,1339,3
1400,1364,5
1400,1383,1
1401,1147,2
1401,1345,3
1402,1201,1
1402,1211,1
1402,1328,1
1402,1440,3
1403,1075,2
1404,1224,2
1404,1277,2
1404,1331,2
1405,1102,3
1405,1197,4
1405,1328,5
1405,1331,3
1405,1357,3
1405,1383,3
1405,1433,4
1405,1435,3
1405,1437,3
1406,1148,3
1406,1294,1
1406,1449,5
1407,1093,5
1407,1127,3
1407,1147,2
1407,1165,2
1407,1300,6
1407,1398,5
1407,1444,6
1407,1459,4
1408,1121,2
1408,1145,2
1408,1224,2
1408,1238,2
1408,1365,2
1408,1368,2
1409,1213,2
1409,1309,3
1409,1418,1
1409,1419,2
1410,1150,2
1410,1171,2
1410,1329,2
1410,1423,2
1410,1442,2
1411,1359,1
1412,1161,5
1412,1269,1
1413,1143,1
1413,1210,2
1413,1288,2
1413,1428,2
1414,1077,2
1414,1369,2
1414,1377,2
1415,1157,1
1415,1213,1
1415,1303,1
1415,1419,2
1416,1109,1
1416,1136,4
1416,1262,1
1416,1446,5
1417,1092,5
1417,1106,1
1417,1155,3
1417,1250,3
1417,1284,1
1417,1441,3
1418,1314,2
1422,1115,1
1422,1119,2
1422,1159,1
1422,1208,2
1423,1076,4
1423,1157,4
1423,1176,4
1423,1288,2
1423,1303,4
1423,1318,2
1423,1398,5
1424,1273,1
1424,1298,1
1424,1379,1
1426,1127,2
1426,1219,2
1426,1396,2
1427,1263,2
1427,1449,1
1429,1107,4
1429,1176,2
1429,1326,4
1430,1161,5
1430,1267,2
1430,1273,2
1431,1199,1
1431,1308,3
1431,1364,4
1432,1061,2
1432,1092,2
1432,1164,2
1432,1167,4
1432,1201,2
1432,1358,2
1433,536,6
1433,1211,4
1433,1244,4
1433,1294,4
1433,1328,5
1433,1331,5
1433,1406,4
1434,1069,5
1434,1082,2
1434,1151,1
1434,1186,2
1434,1435,1
1434,1455,2
1435,1136,1
1435,1148,1
1435,1331,3
1435,1446,2
1436,1184,3
1436,1310,5
1436,1359,6
1438,1245,3
1438,1393,4
1439,1247,1
1439,1267,1
1439,1271,1
1439,1349,1
1439,1367,1
1439,1394,1
1439,1413,1
1439,1423,1
1440,1090,3
1440,1402,3
1440,1406,3
1440,1449,6
1441,1092,4
1441,1131,1
1441,1164,3
1441,1165,5
1441,1201,3
1441,1246,5
1441,1250,4
1441,1284,3
1441,1417,5
1442,1380,3
1442,1410,4
1442,1452,4
1443,1084,1
1443,1088,2
1443,1160,1
1443,1203,1
1443,1296,2
1443,1300,1
1443,1354,1
1443,1376,1
1444,1407,5
1445,1352,3
1447,1086,1
1447,1153,1
1447,1177,1
1447,1228,1
1447,1280,2
1447,1422,1
1447,1450,1
1448,1067,2
1448,1085,1
1448,1105,1
1448,1182,1
1448,1198,4
1448,1207,2
1448,1372,2
1449,1075,1
1449,1090,3
1449,1103,2
1449,1440,5
1450,1216,2
1450,1230,1
1450,1372,3
1450,1422,1
1452,1074,1
1452,1150,3
1452,1169,4
1452,1196,1
1452,1296,1
1452,1305,1
1452,1380,6
1452,1429,1
1452,1442,3
1453,1130,2
1453,1222,4
1453,1311,6
1453,1353,4
1453,1431,2
1454,1082,2
1454,1087,5
1454,1224,6
1454,1259,2
1454,1353,3
1455,1076,2
1455,1109,4
1455,1357,1
1455,1434,2
1456,1085,1
1457,1096,2
1457,1130,4
1457,1204,5
1457,1224,2
1457,1339,2
1457,1375,4
1457,1405,2
1458,1063,6
1458,1223,1
1458,1390,5
1458,1444,1
1459,432,1
1459,1223,2
1459,1261,5
1459,1267,3
1459,1273,4
1459,1407,2
