# index, sex, race, grade, school, _pos
0,2,1,11,1,"array([22.81850197,  9.44229395])"
1,1,2,10,1,"array([24.52704816,  8.65842709])"
2,1,4,9,1,"array([24.40561388,  9.26208315])"
3,1,0,10,1,"array([26.07451304,  8.20268978])"
4,1,1,10,1,"array([25.03683391,  8.38094566])"
5,2,1,11,1,"array([22.39764978, 10.09844834])"
6,1,1,9,1,"array([24.12625552, 10.02598416])"
7,1,2,9,1,"array([26.7319375,  8.1580511])"
8,1,1,9,1,"array([24.46883773, 10.02094846])"
9,1,1,12,1,"array([32.53074447,  7.50134306])"
10,1,1,9,1,"array([24.81448106,  8.68660266])"
11,1,1,11,1,"array([22.43299928,  9.82393636])"
12,2,1,10,1,"array([24.71052899,  8.30379004])"
13,2,1,9,1,"array([23.78216997, 10.34025174])"
14,2,1,10,1,"array([24.27968621,  8.83428781])"
15,2,1,9,1,"array([23.98544088, 10.3997969 ])"
16,2,1,9,1,"array([23.04507494, 17.93921853])"
17,1,1,12,1,"array([23.32789662, 10.37498745])"
18,2,1,11,1,"array([22.18343808,  9.82631083])"
19,2,1,10,1,"array([23.40765664,  9.52156417])"
20,1,1,10,1,"array([24.3442279,  8.9507578])"
21,1,1,10,1,"array([23.49418618, 10.69507641])"
22,1,1,11,1,"array([23.47528119,  8.08538072])"
23,1,2,10,1,"array([25.06298289,  8.56763697])"
24,1,2,12,1,"array([24.93033074,  9.12171051])"
25,2,1,9,1,"array([24.75336463,  9.73652298])"
26,1,1,9,1,"array([24.38980165, 10.7795117 ])"
27,2,1,11,1,"array([24.54708492,  8.95919199])"
28,1,1,11,1,"array([23.03124585, 10.81668378])"
29,1,1,12,1,"array([22.52575451,  9.01247555])"
30,1,1,12,1,"array([22.73061555,  8.08330469])"
31,1,1,12,1,"array([22.43042025,  8.08822875])"
32,2,5,9,1,"array([26.16377259,  9.00024168])"
33,2,2,9,1,"array([24.87648222,  8.80118093])"
34,1,2,9,1,"array([25.89568455,  8.62311449])"
35,2,1,9,1,"array([24.13459382, 10.64729046])"
36,2,1,12,1,"array([23.04541395, 11.31030345])"
37,1,1,9,1,"array([17.41990375, 13.78689024])"
38,1,1,11,1,"array([22.0247281 ,  8.15826405])"
39,1,4,11,1,"array([23.59200306,  8.75179903])"
40,1,1,11,1,"array([23.08857555,  8.98196033])"
41,1,1,10,1,"array([25.35898307,  9.57599217])"
42,1,1,9,1,"array([24.03339789, 10.27247289])"
43,1,1,10,1,"array([23.27439267,  8.27453246])"
44,2,1,10,1,"array([24.92659074,  8.67042366])"
45,1,1,12,1,"array([23.73265274, 11.22847924])"
46,2,2,10,1,"array([24.54501323,  8.47950336])"
47,1,1,9,1,"array([24.44145239, 10.66184205])"
48,2,1,9,1,"array([23.86778556, 11.06364199])"
49,2,1,10,1,"array([23.23745999, 10.34701325])"
50,2,3,9,1,"array([25.00844816,  9.54726048])"
51,1,1,9,1,"array([25.12153656,  9.60112799])"
52,2,1,9,1,"array([25.18697109,  9.68094076])"
53,1,1,11,1,"array([22.98425679, 10.31865153])"
54,1,1,10,1,"array([23.88640197,  9.44597459])"
55,2,1,11,1,"array([23.50139852,  9.1656615 ])"
56,2,1,10,1,"array([23.87937301,  7.19847722])"
57,2,2,11,1,"array([24.82995662,  7.90234857])"
58,1,2,11,1,"array([25.1255044 ,  6.82003593])"
59,2,2,11,1,"array([25.67777136,  8.00890579])"
60,1,2,12,1,"array([23.35768279,  8.0046967 ])"
61,2,1,11,1,"array([23.08464389,  9.75160762])"
62,1,1,10,1,"array([23.86620449, 10.88598302])"
63,1,1,12,1,"array([23.51764835,  9.47243082])"
64,1,1,10,1,"array([23.6112539 ,  7.91330484])"
65,2,1,9,1,"array([24.70949757, 10.34967218])"
66,1,1,9,1,"array([24.27940635,  9.557058  ])"
67,2,1,10,1,"array([24.21128063,  8.18639063])"
68,2,1,9,1,"array([24.93738629,  9.74619109])"
69,1,3,9,1,"array([20.39202239, 16.92783287])"
70,2,1,12,1,"array([22.71902872,  8.75982932])"
71,2,1,11,1,"array([22.66327493, 11.02034879])"
72,2,1,9,1,"array([25.11037663,  8.86452473])"
73,1,4,9,1,"array([25.88529665,  9.77698025])"
74,1,5,10,1,"array([23.63582916,  8.21884093])"
75,1,1,12,1,"array([23.23252629, 10.82236408])"
76,1,1,9,1,"array([24.78201708,  8.41969585])"
77,1,1,9,1,"array([24.69782375, 10.4565428 ])"
78,2,1,10,1,"array([23.44847033,  8.37641065])"
79,1,1,11,1,"array([21.6393044 ,  9.87532952])"
80,1,1,11,1,"array([23.58372347, 10.51886437])"
81,2,1,11,1,"array([23.19122428, 10.44311613])"
82,1,4,10,1,"array([24.30841612,  8.17694684])"
83,1,2,9,1,"array([26.05210597,  9.10947522])"
84,2,5,9,1,"array([25.4615209 , 10.09574413])"
85,2,3,9,1,"array([24.83461252, 10.09453753])"
86,1,1,10,1,"array([22.86257926,  7.85443226])"
87,1,1,9,1,"array([24.8390683 ,  1.54645378])"
88,2,1,11,1,"array([23.33424665,  8.54867431])"
89,2,1,9,1,"array([26.1124126 ,  7.32004567])"
90,1,1,12,1,"array([22.51501625, 10.32668295])"
91,1,2,12,1,"array([24.10821508,  7.59771083])"
92,1,1,11,1,"array([22.39058355, 11.16042629])"
93,2,1,11,1,"array([24.25911482,  8.63853051])"
94,1,1,10,1,"array([21.70270938, 11.0141062 ])"
95,1,1,10,1,"array([25.41151881,  9.25807603])"
96,2,1,10,1,"array([24.52054559,  8.0085412 ])"
97,2,1,9,1,"array([25.26144867,  9.95645892])"
98,1,1,9,1,"array([24.58404332,  9.43245541])"
99,2,1,11,1,"array([24.16509656,  7.12316487])"
100,1,1,10,1,"array([23.95391059,  7.97680915])"
101,1,1,10,1,"array([27.61445553,  2.49046798])"
102,2,1,9,1,"array([23.80064952,  9.46678552])"
103,2,1,9,1,"array([24.82316578,  9.27030132])"
104,2,2,10,1,"array([26.28324839,  9.05869652])"
105,2,1,11,1,"array([22.17593086,  9.7101588 ])"
106,1,1,10,1,"array([23.99497771,  8.67542076])"
107,1,1,9,1,"array([25.14017241,  9.95965552])"
108,2,1,9,1,"array([24.03646112,  9.58080798])"
109,2,1,11,1,"array([22.64575806,  8.15841562])"
110,2,1,9,1,"array([24.53791849, 10.33658726])"
111,2,1,11,1,"array([23.44471668,  8.5722764 ])"
112,2,1,11,1,"array([22.98400883,  9.98024279])"
113,1,1,11,1,"array([23.1127786 ,  7.45943877])"
114,2,2,10,1,"array([24.21742428,  8.04620092])"
115,2,1,9,1,"array([24.48799238,  9.63706539])"
116,1,1,11,1,"array([22.89936194, 10.57129053])"
117,2,2,9,1,"array([25.6611918 ,  8.44750498])"
118,1,1,9,1,"array([24.76854845,  9.8164506 ])"
119,2,1,9,1,"array([24.72017182,  9.90529144])"
120,1,1,10,1,"array([24.78898359,  9.09359508])"
121,2,1,10,1,"array([24.35889288,  9.04563543])"
122,2,1,12,1,"array([22.81128088,  9.72932727])"
123,1,1,11,1,"array([26.39269048,  1.92236   ])"
124,2,5,9,1,"array([24.9693805, 10.3275823])"
125,2,1,9,1,"array([23.85013807, 10.7532381 ])"
126,1,1,12,1,"array([22.42665565,  9.36288766])"
127,1,2,9,1,"array([24.4534567 ,  8.33335028])"
128,2,2,10,1,"array([26.00531937,  7.53651161])"
129,2,1,10,1,"array([23.65729077,  9.44470446])"
130,1,1,11,1,"array([22.94710805, 10.7249232 ])"
131,2,1,10,1,"array([24.14810815,  8.82448848])"
132,1,4,10,1,"array([25.38501101,  8.47487913])"
133,1,3,11,1,"array([22.2254802 ,  9.93025867])"
134,2,4,10,1,"array([25.23961436,  9.24155025])"
135,2,1,9,1,"array([24.44844439,  9.38760709])"
136,2,1,12,1,"array([22.55947961, 10.58058563])"
137,2,2,10,1,"array([25.12216452,  8.45658334])"
138,1,2,9,1,"array([25.57589497,  9.62236381])"
139,1,1,11,1,"array([23.00129093,  9.61799105])"
140,2,1,11,1,"array([22.50027159,  8.54371105])"
141,0,5,0,1,"array([25.27546756,  9.47848857])"
142,2,2,10,1,"array([25.9058962 ,  8.04998423])"
143,2,2,12,1,"array([21.38811169,  7.72181521])"
144,2,1,10,1,"array([23.49710911, 10.58112166])"
145,2,1,10,1,"array([22.73367259,  9.91185279])"
146,1,1,10,1,"array([23.29175955, 10.24429731])"
147,1,1,10,1,"array([24.06094777,  9.10863907])"
148,1,1,11,1,"array([23.61789759,  8.32510367])"
149,2,3,11,1,"array([24.87515313,  7.57030997])"
150,1,2,9,1,"array([25.11371657,  6.42580608])"
151,2,1,9,1,"array([23.5673148 , 11.12135917])"
152,1,1,11,1,"array([22.89685573, 10.98098035])"
153,1,2,10,1,"array([24.68707301,  8.91523768])"
154,2,1,12,1,"array([21.70500923, 10.5170024 ])"
155,2,1,9,1,"array([24.55628256, 10.63596577])"
156,2,1,12,1,"array([23.97921197,  8.09800222])"
157,2,1,10,1,"array([23.47517832,  8.95452981])"
158,2,1,11,1,"array([22.48295253,  8.78487158])"
159,2,3,10,1,"array([20.6454353 ,  8.18481712])"
160,1,1,10,1,"array([22.93544311,  9.13547965])"
161,1,1,10,1,"array([23.23358463, 10.12367653])"
162,1,1,9,1,"array([24.52659853,  9.94750314])"
163,1,1,0,1,"array([23.44528055,  7.67715333])"
164,1,1,10,1,"array([22.23963902,  8.34638654])"
165,1,1,11,1,"array([23.78309692,  8.21219087])"
166,2,1,12,1,"array([18.05535503, 14.87505999])"
167,1,1,12,1,"array([23.0947056 ,  9.98776978])"
168,1,1,10,1,"array([22.45584482,  8.67112594])"
169,1,1,10,1,"array([23.45527097, 11.07972933])"
170,2,1,9,1,"array([23.76832091, 10.12684591])"
171,1,1,9,1,"array([23.45199795, 10.81994781])"
172,1,5,10,1,"array([23.39660928,  9.42711643])"
173,2,1,11,1,"array([22.56939731, 10.18978073])"
174,1,1,9,1,"array([25.0328569 ,  9.74706301])"
175,1,1,9,1,"array([24.19861998,  9.65948847])"
176,2,1,12,1,"array([22.50156699, 10.46320917])"
177,1,1,11,1,"array([22.88381067,  8.90448227])"
178,1,1,11,1,"array([22.40876714,  9.98978784])"
179,1,1,10,1,"array([24.40406791,  7.96369488])"
180,2,1,12,1,"array([22.53161536,  9.14079412])"
181,1,1,10,1,"array([23.42046954, 11.17832841])"
182,2,1,10,1,"array([23.89140819,  8.66112529])"
183,1,1,9,1,"array([24.97244103, 10.2085637 ])"
184,2,1,11,1,"array([23.67247934,  8.02206066])"
185,2,5,11,1,"array([22.32829375,  9.88889932])"
186,1,1,11,1,"array([23.90286017,  8.26030687])"
187,2,1,12,1,"array([22.62014982,  8.86324943])"
188,2,2,12,1,"array([25.97275173,  5.97573069])"
189,2,1,9,1,"array([23.76220091, 10.75062874])"
190,2,1,10,1,"array([24.67077198,  9.17203698])"
191,2,1,9,1,"array([23.86141957,  8.56918506])"
192,1,2,10,1,"array([26.44746951,  8.96140122])"
193,2,1,9,1,"array([25.04571317,  9.29980479])"
194,2,2,10,1,"array([25.44459031,  8.6221704 ])"
195,1,1,9,1,"array([24.00382946, 12.02842666])"
196,2,2,9,1,"array([26.06331071,  8.91963318])"
197,1,1,10,1,"array([23.84625923,  9.61581969])"
198,2,1,11,1,"array([22.7260603 , 10.39498533])"
199,1,1,12,1,"array([22.28643951, 10.60481554])"
200,1,1,10,1,"array([23.53150993,  8.55994936])"
201,2,2,9,1,"array([26.30780304,  8.26259218])"
202,2,3,9,1,"array([19.57185514, 16.37841021])"
203,1,1,12,1,"array([21.83930744, 10.29767545])"
204,2,4,12,1,"array([23.79745784,  1.90842835])"
205,2,1,11,1,"array([22.69875419, 10.29862084])"
206,2,2,9,1,"array([27.21305976,  8.71059752])"
207,1,1,10,1,"array([24.96674048,  9.81468191])"
208,2,1,10,1,"array([22.92143397, 11.22445216])"
209,2,1,10,1,"array([23.7041161,  9.8466192])"
210,1,3,10,1,"array([24.6009705 , 11.60608391])"
211,1,1,9,1,"array([24.532442  , 10.21729864])"
212,2,1,11,1,"array([23.27648285,  8.61697668])"
213,1,3,9,1,"array([24.4549234 , 11.58903465])"
214,1,5,10,1,"array([23.38686209,  8.78329768])"
215,2,1,10,1,"array([20.72709205,  7.98729695])"
216,1,4,10,1,"array([23.83715034,  6.95054665])"
217,2,2,12,1,"array([25.84243445,  6.2583127 ])"
218,2,1,10,1,"array([24.12568717,  8.44138505])"
219,1,1,10,1,"array([23.37069175, 10.97552191])"
220,2,1,10,1,"array([23.58431987, 10.30071342])"
221,2,1,9,1,"array([32.00349572,  5.60189001])"
222,1,1,12,1,"array([24.33395357,  8.40658333])"
223,2,1,9,1,"array([24.01034042, 10.58468626])"
224,1,1,9,1,"array([25.21100788, 10.12179013])"
225,2,1,9,1,"array([24.89755393,  9.65596884])"
226,1,2,9,1,"array([26.13904381,  9.28274956])"
227,2,1,11,1,"array([21.97773452,  9.99111785])"
228,1,1,10,1,"array([23.70241546,  8.28553261])"
229,1,1,9,1,"array([24.13042704,  9.91577607])"
230,1,2,10,1,"array([26.10025992,  6.94309775])"
231,2,1,12,1,"array([22.47001258, 10.6912978 ])"
232,2,3,10,1,"array([25.72100668,  7.32514684])"
233,2,1,11,1,"array([22.96040738,  9.44862133])"
234,1,1,9,1,"array([21.03314575,  9.67951541])"
235,2,1,11,1,"array([23.23643867,  8.17364206])"
236,1,1,9,1,"array([24.70522732, 11.39741197])"
237,1,1,12,1,"array([22.72570581,  8.53346345])"
238,2,1,11,1,"array([24.59225886,  8.14275924])"
239,1,1,12,1,"array([21.7980593 , 10.59238678])"
240,1,1,10,1,"array([24.23887444,  7.41604963])"
241,2,1,12,1,"array([21.88139272, 10.45658676])"
242,2,2,9,1,"array([25.68429316,  9.04245452])"
243,2,2,10,1,"array([26.64879757,  8.74699201])"
244,2,5,10,1,"array([23.95322446,  8.18118632])"
245,1,4,12,1,"array([20.71701843,  2.47060113])"
246,1,1,11,1,"array([22.76931515,  9.62526837])"
247,1,2,9,1,"array([30.75187894,  3.91420267])"
248,2,1,11,1,"array([22.63337576, 10.50131872])"
249,1,1,10,1,"array([29.21070939,  2.6454062 ])"
250,2,1,9,1,"array([24.04397778,  9.88359495])"
251,2,1,10,1,"array([24.09844008,  8.04008996])"
252,2,1,10,1,"array([23.18148928,  9.66361039])"
253,1,2,10,1,"array([24.60634606,  8.33220913])"
254,1,5,11,1,"array([22.61251014, 10.08574874])"
255,1,1,9,1,"array([24.96880918,  8.89142918])"
256,2,1,12,1,"array([21.08630202, 16.61117694])"
257,1,1,12,1,"array([21.83677683,  9.44523019])"
258,1,1,12,1,"array([23.67650821, 10.41251269])"
259,1,1,9,1,"array([24.99469487,  9.95089906])"
260,1,1,10,1,"array([23.79939184,  9.13506318])"
261,1,1,10,1,"array([24.94661899,  7.99298813])"
262,1,1,10,1,"array([24.42518475, 10.96414599])"
263,2,2,10,1,"array([25.22977812,  8.14471563])"
264,1,1,9,1,"array([25.02615917,  9.37859644])"
265,2,1,9,1,"array([24.30790708,  9.64198707])"
266,1,2,9,1,"array([26.48716628,  8.02650706])"
267,1,1,9,1,"array([24.32714969, 10.20297472])"
268,2,1,9,1,"array([23.31922417,  9.09931781])"
269,2,5,10,1,"array([23.0318838 , 10.65550539])"
270,2,1,12,1,"array([22.09843063, 11.08405593])"
271,2,1,12,1,"array([22.23101446, 10.19259734])"
272,1,1,12,1,"array([22.25346245, 10.52791071])"
273,1,3,9,1,"array([24.30166643, 10.35018455])"
274,1,1,10,1,"array([23.89997354,  9.17314606])"
275,1,1,10,1,"array([23.67510971,  8.7639187 ])"
276,1,4,12,1,"array([23.17917695,  8.73100124])"
277,2,1,10,1,"array([26.20737395,  7.61760045])"
278,1,2,11,1,"array([25.1448287,  7.7178319])"
279,1,2,9,1,"array([21.89599909, 16.96675847])"
280,2,1,9,1,"array([25.05658677,  9.83538979])"
281,2,1,12,1,"array([23.2673642 ,  8.06519563])"
282,2,2,11,1,"array([20.30090719, 16.16695097])"
283,1,1,12,1,"array([22.80944274, 10.76391138])"
284,1,1,11,1,"array([22.81079428, 10.48349446])"
285,2,1,9,1,"array([24.55963088,  8.78831265])"
286,1,2,12,1,"array([25.80610156,  8.16339643])"
287,1,1,12,1,"array([18.05445703, 14.13150306])"
288,1,1,9,1,"array([24.57830778,  9.62941348])"
289,1,2,12,1,"array([25.06605656,  7.47723104])"
290,2,1,12,1,"array([23.26580758,  8.80579134])"
291,1,2,10,1,"array([24.66193028,  8.54810922])"
292,0,3,9,1,"array([24.38753686, 10.36577443])"
293,1,1,10,1,"array([23.3740168 , 10.10978414])"
294,2,2,9,1,"array([26.07614066,  7.78595261])"
295,2,1,11,1,"array([23.68988605,  7.82195869])"
296,1,1,12,1,"array([32.45490387,  6.75512791])"
297,2,2,9,1,"array([25.5551604 ,  8.52274112])"
298,1,1,11,1,"array([23.18484829,  8.32471443])"
299,2,1,11,1,"array([22.71511149,  8.90034873])"
300,2,1,11,1,"array([22.88710006,  9.898842  ])"
301,2,1,9,1,"array([24.91623851, 10.03249335])"
302,1,1,10,1,"array([24.21047128,  7.93351289])"
303,1,5,12,1,"array([22.54114206, 10.00771779])"
304,1,1,10,1,"array([22.78119771,  9.29836531])"
305,2,1,10,1,"array([24.37467469,  8.52427002])"
306,2,3,12,1,"array([22.70489414,  9.78042613])"
307,1,2,9,1,"array([24.01373669, 18.08305064])"
308,1,1,10,1,"array([21.8358358 ,  8.33660926])"
309,2,1,11,1,"array([22.11416699,  9.00421275])"
310,2,5,12,1,"array([23.44653679, 11.33419445])"
311,1,1,12,1,"array([23.01267966,  7.76116047])"
312,1,1,9,1,"array([24.86923713, 10.19484118])"
313,1,5,10,1,"array([24.09449079,  7.92972906])"
314,2,3,12,1,"array([22.04648204, 10.84243089])"
315,1,3,10,1,"array([22.14718699,  9.22745529])"
316,2,1,9,1,"array([23.90987904,  9.71417447])"
317,1,1,11,1,"array([25.42881975,  9.98577708])"
318,2,1,11,1,"array([22.98749767, 10.9609785 ])"
319,1,1,12,1,"array([23.41841821, 10.00571451])"
320,1,1,11,1,"array([23.22054879, 10.64650157])"
321,0,0,0,1,"array([24.84168442,  8.91075208])"
322,2,1,12,1,"array([24.11023241,  8.15606909])"
323,2,1,11,1,"array([22.35364007,  8.87464039])"
324,2,1,12,1,"array([23.05410166,  8.86054638])"
325,2,1,10,1,"array([22.92339144,  8.60502647])"
326,2,1,10,1,"array([24.0781178 ,  9.02017261])"
327,1,1,12,1,"array([22.4785127 ,  9.90249587])"
328,1,1,12,1,"array([22.76060098,  8.23104546])"
329,1,1,10,1,"array([23.61802828,  9.18972831])"
330,1,1,10,1,"array([23.68353354,  8.66260654])"
331,1,2,9,1,"array([25.1311306,  9.2021532])"
332,2,1,12,1,"array([23.5391509 , 10.18786342])"
333,1,5,9,1,"array([26.54096758,  7.8027364 ])"
334,2,1,10,1,"array([24.95900712,  8.53338102])"
335,1,1,12,1,"array([22.19471784, 10.06819508])"
336,1,1,11,1,"array([22.91063834,  9.32387405])"
337,2,1,10,1,"array([23.67827516,  8.85648596])"
338,2,1,12,1,"array([21.61333329, 10.25748149])"
339,1,5,11,1,"array([23.86184063, 10.64360231])"
340,2,1,9,1,"array([24.4553057 ,  9.73108945])"
341,1,1,9,1,"array([19.99516626,  2.97009035])"
342,2,1,10,1,"array([24.65473253,  8.45737233])"
343,1,1,12,1,"array([22.34746628,  8.77606043])"
344,1,3,12,1,"array([23.59637318, 10.63226355])"
345,2,1,9,1,"array([24.41567149, 10.58699615])"
346,2,5,10,1,"array([24.58654064,  8.58058253])"
347,2,1,9,1,"array([24.04662692, 11.19789726])"
348,2,1,11,1,"array([22.81682592, 10.10275944])"
349,0,0,0,1,"array([24.62544955,  8.98067392])"
350,2,1,12,1,"array([23.51611726,  8.30519529])"
351,1,1,12,1,"array([22.97718373, 10.07255755])"
352,1,1,10,1,"array([24.02126262,  8.4767202 ])"
353,2,1,10,1,"array([23.71138175,  9.52353961])"
354,2,1,9,1,"array([24.57496057, 10.50435313])"
355,1,1,10,1,"array([23.85874464, 10.03682589])"
356,2,3,9,1,"array([25.54648078,  8.22963728])"
357,1,1,9,1,"array([24.08718105,  9.68281232])"
358,1,1,10,1,"array([23.68359912, 10.25809145])"
359,1,1,9,1,"array([24.61801598, 11.26563764])"
360,2,1,11,1,"array([22.96377754,  8.24394756])"
361,1,2,11,1,"array([27.56131879,  8.10533217])"
362,1,1,9,1,"array([24.4949471 ,  9.49208137])"
363,2,1,12,1,"array([22.57061365,  8.80148355])"
364,1,1,9,1,"array([24.37090476,  9.69357698])"
365,1,1,9,1,"array([25.08373678, 10.67525183])"
366,2,5,10,1,"array([26.34729633,  7.23581357])"
367,2,1,10,1,"array([21.94590815,  8.61408876])"
368,1,2,11,1,"array([24.37887306,  8.63499387])"
369,1,1,12,1,"array([24.24878691,  8.52591872])"
370,2,1,11,1,"array([23.92067767,  8.91290295])"
371,2,1,10,1,"array([23.69212811,  9.09337584])"
372,1,1,9,1,"array([25.10945871, 10.2842254 ])"
373,1,1,11,1,"array([22.15763644,  9.54009194])"
374,2,1,11,1,"array([23.31235982,  9.52712116])"
375,2,1,10,1,"array([23.63032597, 10.91605076])"
376,2,1,9,1,"array([24.0557688 , 10.07024126])"
377,2,1,10,1,"array([24.0608798 ,  8.90350772])"
378,2,2,11,1,"array([24.86469403,  6.87532828])"
379,2,1,12,1,"array([22.64482955,  9.99176164])"
380,2,2,11,1,"array([24.39980598,  6.45009759])"
381,2,1,11,1,"array([23.49146946, 10.28435999])"
382,2,2,11,1,"array([24.99306533,  7.26670425])"
383,1,1,10,1,"array([28.32899051, 17.1072449 ])"
384,1,1,10,1,"array([24.91593293,  8.38236477])"
385,2,2,11,1,"array([25.57200295,  7.7493602 ])"
386,1,5,10,1,"array([23.8215349 ,  8.96696493])"
387,1,2,11,1,"array([32.85386718, 11.41985433])"
388,1,1,10,1,"array([24.7128173 ,  9.32234627])"
389,2,1,11,1,"array([23.72614639,  8.95627766])"
390,2,1,9,1,"array([24.80536629,  9.52415946])"
391,2,2,10,1,"array([25.54089047,  9.16976931])"
392,2,3,9,1,"array([24.29824129,  9.73767412])"
393,1,1,12,1,"array([22.01845837,  8.50894963])"
394,2,5,10,1,"array([24.31982553,  8.06076439])"
395,1,1,10,1,"array([23.53908298, 10.41721076])"
396,2,1,11,1,"array([23.09402888,  9.53661428])"
397,1,2,12,1,"array([25.26318379,  7.37943635])"
398,1,1,11,1,"array([22.61769004,  8.97688152])"
399,1,1,11,1,"array([23.4500337 ,  9.80745164])"
400,2,1,11,1,"array([24.15945509,  9.40757921])"
401,1,1,12,1,"array([22.11997858, 10.24760686])"
402,2,1,10,1,"array([23.62063826,  8.4564057 ])"
403,1,3,12,1,"array([32.80578182,  8.24979563])"
404,2,1,9,1,"array([24.97755652,  9.65295554])"
405,2,1,9,1,"array([23.87425325, 10.429656  ])"
406,2,1,11,1,"array([22.75269549, 10.0186566 ])"
407,1,1,11,1,"array([23.88293496,  9.87126991])"
408,2,1,9,1,"array([23.75321401, 10.56370461])"
409,1,1,12,1,"array([23.98320915,  9.37914547])"
410,2,1,10,1,"array([25.53242358,  7.48562048])"
411,1,2,10,1,"array([25.79227313,  8.31111558])"
412,1,1,9,1,"array([24.09698571, 10.34321448])"
413,2,1,12,1,"array([26.7936194 , 17.53184146])"
414,2,1,11,1,"array([22.59844309,  9.83433215])"
415,1,1,9,1,"array([24.06156932, 10.77342857])"
416,2,1,11,1,"array([22.95517935, 10.21754684])"
417,1,1,11,1,"array([22.72634224, 10.88804086])"
418,1,1,12,1,"array([22.08304628,  7.7649292 ])"
419,2,2,10,1,"array([25.90334677,  7.66798824])"
420,2,1,10,1,"array([23.20016566,  9.39123636])"
421,2,4,9,1,"array([25.62247034,  9.86107243])"
422,1,3,11,1,"array([22.20482298,  8.58591714])"
423,1,1,10,1,"array([22.91520926,  8.72070009])"
424,1,1,9,1,"array([24.99770593, 10.0915027 ])"
425,2,5,10,1,"array([23.99316805,  8.8077349 ])"
426,2,1,9,1,"array([24.08352336, 10.49248082])"
427,2,1,10,1,"array([23.33998511,  9.8541902 ])"
428,2,1,11,1,"array([23.2124477 ,  9.78653596])"
429,2,1,11,1,"array([22.70573009,  8.42542173])"
430,1,1,11,1,"array([23.345913  , 10.69252249])"
431,1,1,9,1,"array([25.23140115,  9.83818112])"
432,1,1,11,1,"array([23.54621553, 11.00381445])"
433,1,1,9,1,"array([24.51163208, 10.12398985])"
434,1,1,9,1,"array([25.92299109,  9.56455069])"
435,2,1,12,1,"array([22.22367205, 10.30854309])"
436,2,2,10,1,"array([25.52417586,  8.35948475])"
437,1,2,12,1,"array([24.76342671,  7.75021499])"
438,1,1,11,1,"array([22.37802076,  8.2583135 ])"
439,1,2,11,1,"array([24.75142739,  8.03287063])"
440,1,2,9,1,"array([25.97860196,  9.22803929])"
441,2,1,10,1,"array([23.12336729, 11.08756105])"
442,1,1,10,1,"array([24.37649263,  8.26792937])"
443,1,3,12,1,"array([22.71184882, 10.62202167])"
444,1,1,12,1,"array([23.43025844,  7.30428709])"
445,1,1,9,1,"array([24.45794908,  9.8596798 ])"
446,1,1,11,1,"array([22.75141706, 10.54239116])"
447,2,5,10,1,"array([23.51238751,  8.45824955])"
448,2,1,10,1,"array([23.72426399,  9.71148045])"
449,2,1,11,1,"array([22.64525701,  9.1803494 ])"
450,2,1,11,1,"array([22.94610225, 10.81684611])"
451,1,3,12,1,"array([21.3744162 , 10.83954933])"
452,1,1,10,1,"array([23.29564349, 10.92007921])"
453,1,3,11,1,"array([24.11661061,  8.52048384])"
454,2,1,11,1,"array([22.86938586,  8.26166805])"
455,2,1,10,1,"array([23.99443626,  9.0016091 ])"
456,1,4,11,1,"array([22.82167507,  7.5766674 ])"
457,2,1,10,1,"array([24.43637549,  8.97853346])"
458,1,2,9,1,"array([22.47960365, 10.87072984])"
459,2,3,12,1,"array([25.22217564,  5.80362846])"
460,2,1,12,1,"array([22.74262606,  9.38504056])"
461,2,2,9,1,"array([26.05040325,  8.79840121])"
462,2,1,9,1,"array([24.13300291, 10.14228196])"
463,2,1,11,1,"array([22.10792186, 10.37656921])"
464,1,1,11,1,"array([23.69298665,  8.13493209])"
465,2,5,10,1,"array([23.32101564, 11.09078204])"
466,2,1,9,1,"array([25.36893068,  9.70583095])"
467,2,1,10,1,"array([23.31183066,  8.96638006])"
468,2,1,10,1,"array([23.80537139,  8.0979599 ])"
469,1,2,9,1,"array([16.69214552, 11.6506797 ])"
470,2,1,10,1,"array([23.38458031,  7.85502024])"
471,1,1,11,1,"array([22.91933319,  9.78383576])"
472,1,1,12,1,"array([23.18202554,  9.56481543])"
473,2,1,9,1,"array([24.62191557,  9.29004321])"
474,1,2,12,1,"array([27.42962738,  1.796802  ])"
475,1,5,12,1,"array([24.25470053,  9.01153283])"
476,2,2,12,1,"array([25.31297628,  6.63187364])"
477,1,2,9,1,"array([25.7072852 ,  9.75368232])"
478,2,1,10,1,"array([23.46235205,  9.36693801])"
479,2,1,12,1,"array([23.5979508 ,  8.61400455])"
480,0,0,0,1,"array([23.12573048,  7.2846325 ])"
481,1,1,9,1,"array([25.62877214,  9.4740777 ])"
482,1,5,10,1,"array([23.80425329,  9.94055407])"
483,2,1,10,1,"array([24.01826109,  8.28353184])"
484,1,1,9,1,"array([24.26889941, 10.26874913])"
485,2,1,11,1,"array([22.24062966,  9.05990313])"
486,2,1,12,1,"array([22.41016224,  9.7136462 ])"
487,1,1,9,1,"array([24.65075185,  9.97598974])"
488,1,1,11,1,"array([23.17372449,  7.84871665])"
489,2,2,9,1,"array([25.38764757,  9.83727835])"
490,2,1,10,1,"array([24.06903795,  8.74559752])"
491,2,4,9,1,"array([25.4036805 ,  9.45347726])"
492,1,1,11,1,"array([22.31556739,  7.77494113])"
493,2,1,10,1,"array([25.09922906,  8.02211962])"
494,2,1,12,1,"array([22.23913251, 11.19710162])"
495,2,1,9,1,"array([23.78542668,  9.360246  ])"
496,1,1,9,1,"array([24.40023244, 10.46913646])"
497,2,1,10,1,"array([24.99425311,  8.76478183])"
498,1,1,9,1,"array([25.19392649,  8.29035447])"
499,2,1,11,1,"array([22.79165725,  8.38502365])"
500,2,1,11,1,"array([22.62308764,  8.50615438])"
501,2,1,10,1,"array([22.39310833,  9.10265059])"
502,2,1,9,1,"array([24.22261052, 10.04617669])"
503,2,1,10,1,"array([24.29888476,  9.26516972])"
504,1,1,10,1,"array([23.6579282 ,  9.02124775])"
505,1,1,11,1,"array([23.15098407,  8.07541195])"
506,2,2,9,1,"array([23.26357226, 11.57055692])"
507,2,1,11,1,"array([22.79793849, 11.09838036])"
508,2,1,12,1,"array([22.81216342,  8.60238107])"
509,1,2,9,1,"array([26.29805053,  9.48452433])"
510,1,5,12,1,"array([23.66061016,  8.55662385])"
511,2,1,9,1,"array([24.66944767, 10.90878049])"
512,2,1,11,1,"array([22.03043019,  9.88935269])"
513,1,1,11,1,"array([22.60817305, 10.28321158])"
514,2,5,10,1,"array([25.79385539,  9.02857728])"
515,2,1,9,1,"array([24.1400085 , 11.40496366])"
516,1,1,12,1,"array([23.7925042, 10.9868341])"
517,1,1,12,1,"array([21.90321082, 10.10952036])"
518,1,1,11,1,"array([23.13848102, 10.79531867])"
519,1,1,12,1,"array([21.78642968, 10.71038241])"
520,1,1,9,1,"array([25.68970822,  9.59440982])"
521,1,1,11,1,"array([23.58825533,  9.67076859])"
522,1,1,9,1,"array([25.5905365, 10.0943578])"
523,2,1,12,1,"array([23.38976971,  8.12809094])"
524,1,1,11,1,"array([23.56301197, 10.7935595 ])"
525,2,2,9,1,"array([25.83955245,  8.84586537])"
526,1,2,9,1,"array([26.45397776,  8.59698702])"
527,1,1,9,1,"array([24.49275902, 11.22204881])"
528,1,1,11,1,"array([21.56440434,  9.45063647])"
529,1,1,10,1,"array([23.14578734,  8.53382407])"
530,1,1,9,1,"array([24.44828978, 10.26433031])"
531,1,1,9,1,"array([24.70611653,  9.4430424 ])"
532,1,3,12,1,"array([23.75273981,  7.91303793])"
533,2,1,9,1,"array([24.37692125,  9.52209834])"
534,2,1,9,1,"array([24.89069097,  9.92262841])"
535,1,1,12,1,"array([22.64842225,  9.49439754])"
536,2,1,9,1,"array([25.11953671, 10.50004178])"
537,1,1,11,1,"array([21.83386639,  8.47977785])"
538,2,1,12,1,"array([22.43054697, 10.57860449])"
539,2,3,12,1,"array([22.96823695,  8.77828991])"
540,1,1,12,1,"array([23.58263161,  9.39251371])"
541,2,1,12,1,"array([21.9938741 , 10.53243672])"
542,2,1,12,1,"array([24.39790603,  7.79475083])"
543,2,1,12,1,"array([21.9138806 , 11.14223129])"
544,2,2,12,1,"array([25.56082649,  7.00909421])"
545,1,1,9,1,"array([24.42764382,  9.59528015])"
546,1,1,9,1,"array([24.41223296, 10.09577334])"
547,2,1,9,1,"array([23.98403812, 11.0314546 ])"
548,2,1,12,1,"array([23.76248493,  8.82393899])"
549,2,1,10,1,"array([24.22004879,  8.4277108 ])"
550,1,1,8,1,"array([23.93062453, 11.63332374])"
551,1,1,11,1,"array([22.21053383,  8.76832982])"
552,1,1,9,1,"array([24.17853848, 10.90009886])"
553,1,1,12,1,"array([22.30736749,  9.50266868])"
554,2,3,12,1,"array([17.17229522,  6.21732778])"
555,1,1,9,1,"array([24.46583905,  9.09318706])"
556,2,1,10,1,"array([23.91066514,  9.0088645 ])"
557,1,1,9,1,"array([26.06051549,  9.39113198])"
558,2,1,11,1,"array([23.50886427,  7.81799418])"
559,2,5,9,1,"array([24.52193025,  9.35070079])"
560,1,1,12,1,"array([22.52238583,  8.28126309])"
561,1,1,9,1,"array([30.6604292 ,  4.66680629])"
562,1,1,9,1,"array([25.24825967,  9.74820924])"
563,1,2,10,1,"array([25.67539193,  9.20211187])"
564,2,2,11,1,"array([24.58180262,  8.40297083])"
565,1,1,9,1,"array([25.5360739 ,  9.00237663])"
566,1,2,9,1,"array([25.6602392,  9.3763743])"
567,1,2,9,1,"array([26.17018676,  8.44609751])"
568,2,1,11,1,"array([22.28806348,  9.31925494])"
569,2,1,9,1,"array([24.83411229,  9.71708212])"
570,1,1,11,1,"array([23.46308558,  8.20978628])"
571,1,1,12,1,"array([22.8471033 ,  9.20974727])"
572,1,1,11,1,"array([22.5544695 , 11.13289598])"
573,2,1,10,1,"array([24.00490086,  9.17477709])"
574,1,1,10,1,"array([23.28160424,  9.24756111])"
575,1,1,11,1,"array([22.88835088,  7.02496124])"
576,1,1,11,1,"array([22.56608793,  9.27591367])"
577,1,1,11,1,"array([22.72373062, 10.20044165])"
578,1,1,10,1,"array([24.15214576,  8.35680609])"
579,1,1,11,1,"array([23.43109399,  9.6886963 ])"
580,1,1,9,1,"array([24.19999129,  9.54515662])"
581,1,4,11,1,"array([22.88313513,  7.99705961])"
582,1,1,10,1,"array([23.5428863 ,  8.04144366])"
583,1,1,12,1,"array([22.96329368,  7.45471617])"
584,2,1,11,1,"array([23.36631259,  8.32051483])"
585,1,4,9,1,"array([25.3435351 ,  9.15198731])"
586,1,1,9,1,"array([23.51212272,  9.27437391])"
587,2,2,10,1,"array([25.93128897,  7.41147242])"
588,2,1,12,1,"array([23.23167625,  9.13896683])"
589,2,5,9,1,"array([26.66106764,  8.58369881])"
590,2,1,11,1,"array([22.86720099,  7.272188  ])"
591,1,1,10,1,"array([24.17255208,  9.07858651])"
592,2,1,9,1,"array([24.74934014,  9.22712906])"
593,2,5,10,1,"array([24.70356989,  8.64979723])"
594,2,1,10,1,"array([22.57629288, 11.4841171 ])"
595,1,1,11,1,"array([22.62623669, 10.71471044])"
596,2,1,11,1,"array([23.00233266,  9.88035561])"
597,2,1,12,1,"array([20.87935098,  8.82286137])"
598,2,1,9,1,"array([24.87760102,  9.01392872])"
599,1,1,12,1,"array([22.33336999, 10.23027671])"
600,2,1,9,1,"array([24.2409568 ,  9.93433687])"
601,1,2,10,1,"array([25.28983132,  7.70259623])"
602,2,1,9,1,"array([24.82379918,  9.38890848])"
603,0,1,9,1,"array([24.10857023, 11.01412903])"
604,1,1,10,1,"array([24.23154289,  8.7525642 ])"
605,2,1,11,1,"array([22.56732957,  8.61631446])"
606,2,1,11,1,"array([22.41510363,  9.45414886])"
607,2,1,9,1,"array([24.48307242, 10.52203182])"
608,1,1,10,1,"array([23.9136815 ,  7.66089474])"
609,2,1,11,1,"array([26.16324367, 17.93126825])"
610,2,1,9,1,"array([24.89328184, 10.48637562])"
611,2,1,9,1,"array([30.10431572, 16.02948329])"
612,2,1,12,1,"array([22.3407414 , 10.70098503])"
613,2,2,9,1,"array([25.31613091,  8.0224609 ])"
614,1,1,12,1,"array([23.6126176 , 11.25883927])"
615,2,2,9,1,"array([25.05409267,  8.17139334])"
616,1,1,9,1,"array([24.9389038 , 11.19518513])"
617,2,2,12,1,"array([24.75861723,  6.32699804])"
618,2,3,9,1,"array([24.21856369, 10.16390907])"
619,1,5,12,1,"array([23.20287276,  9.92127588])"
620,1,1,9,1,"array([24.16417808,  1.31481635])"
621,1,1,11,1,"array([26.91100491,  8.28842243])"
622,2,5,12,1,"array([26.03806996,  5.82463236])"
623,1,4,11,1,"array([24.41508403,  8.16043547])"
624,1,1,12,1,"array([23.85013818,  9.28316579])"
625,1,1,9,1,"array([24.56791857, 10.04683243])"
626,1,1,12,1,"array([23.14515947,  9.09184979])"
627,2,2,11,1,"array([22.12717025, 17.70317413])"
628,2,1,9,1,"array([24.29791942,  9.36448997])"
629,1,1,9,1,"array([24.67549579, 10.58490608])"
630,2,2,9,1,"array([25.71690087,  7.82912518])"
631,2,1,10,1,"array([24.17884598,  9.31278316])"
632,2,2,12,1,"array([25.17195123,  6.97215407])"
633,2,1,9,1,"array([24.34213237, 10.71224244])"
634,1,1,9,1,"array([24.31771677, 10.86382937])"
635,2,1,12,1,"array([21.97492157, 10.38689741])"
636,2,1,12,1,"array([22.44060931,  9.55337256])"
637,1,1,12,1,"array([22.90324008,  9.66040419])"
638,2,1,11,1,"array([24.24684121,  9.84212221])"
639,2,1,12,1,"array([22.27359974, 10.44007097])"
640,1,1,10,1,"array([23.78473599,  8.3580455 ])"
641,1,1,10,1,"array([22.97812889, 11.46498525])"
642,1,1,10,1,"array([22.85181596,  9.99635253])"
643,2,2,9,1,"array([25.82337918,  9.43083296])"
644,2,5,11,1,"array([25.8495941 ,  6.99266128])"
645,2,1,11,1,"array([22.09254578, 10.10646908])"
646,2,2,9,1,"array([26.76291655,  9.1048984 ])"
647,1,1,10,1,"array([23.53203884,  9.94738701])"
648,1,2,10,1,"array([18.78572231, 15.69541003])"
649,2,1,10,1,"array([23.41114292,  9.88864103])"
650,1,1,10,1,"array([23.50371825,  8.8768094 ])"
651,1,1,11,1,"array([23.37666426,  8.64184813])"
652,2,1,12,1,"array([22.00826186, 10.21405535])"
653,1,1,9,1,"array([25.78411458,  8.51146548])"
654,1,1,9,1,"array([24.85700355,  9.16550408])"
655,1,1,11,1,"array([24.28654112, 10.08946895])"
656,2,1,11,1,"array([23.27842256,  9.42074564])"
657,1,2,11,1,"array([24.48303951,  7.41412439])"
658,2,1,9,1,"array([24.68027214,  9.79376969])"
659,2,3,10,1,"array([16.88538817, 12.41385418])"
660,1,1,9,1,"array([25.03151579,  9.17146027])"
661,1,3,10,1,"array([23.16590267, 10.28591684])"
662,2,1,12,1,"array([23.78554671,  8.72139067])"
663,2,1,12,1,"array([22.29535369, 10.10655809])"
664,1,1,10,1,"array([24.46734231,  8.85905435])"
665,2,1,12,1,"array([21.68916218,  9.22750547])"
666,2,1,12,1,"array([22.81902642, 10.93805367])"
667,1,1,12,1,"array([23.84628639,  8.8505362 ])"
668,2,1,10,1,"array([23.13510948, 10.97881387])"
669,1,1,9,1,"array([25.19021531,  9.32415154])"
670,2,1,12,1,"array([21.93219462, 10.69032897])"
671,2,1,10,1,"array([24.48162262,  8.57156647])"
672,2,1,9,1,"array([25.22813733, 10.22541827])"
673,2,1,9,1,"array([25.13111581,  9.41959334])"
674,2,2,11,1,"array([24.69366489,  7.6385953 ])"
675,1,2,9,1,"array([25.94010972,  8.96248817])"
676,1,2,9,1,"array([25.50623911,  8.80742097])"
677,1,2,11,1,"array([24.92601113,  7.12399841])"
678,2,1,9,1,"array([23.91265289, 10.15692576])"
679,2,1,11,1,"array([22.38901429,  8.58518778])"
680,2,1,11,1,"array([22.56393385,  9.77193792])"
681,2,1,10,1,"array([24.06091163,  9.47403006])"
682,1,3,12,1,"array([22.38549591, 10.44919438])"
683,2,1,9,1,"array([24.85486971,  9.81236167])"
684,2,1,11,1,"array([22.54262903,  9.43048105])"
685,1,1,10,1,"array([24.13756107, 10.40001518])"
686,2,5,10,1,"array([24.18594372,  9.75537675])"
687,1,1,10,1,"array([25.55499216,  7.99890769])"
688,1,5,12,1,"array([23.60295249,  9.79156566])"
689,1,1,9,1,"array([25.45750706, 10.32475802])"
690,1,1,10,1,"array([24.11217865,  8.2687608 ])"
691,2,2,11,1,"array([25.05741363,  7.8211294 ])"
692,2,1,9,1,"array([24.79379027,  9.61662704])"
693,2,5,10,1,"array([24.46411553,  7.01808176])"
694,2,5,11,1,"array([24.6527913 ,  7.44509287])"
695,2,1,11,1,"array([22.29868195,  9.16646896])"
696,2,2,9,1,"array([24.95503168,  9.43619767])"
697,2,1,10,1,"array([24.64858521,  9.66405184])"
698,2,1,10,1,"array([32.98358606, 10.14392793])"
699,0,5,10,1,"array([24.2528816 ,  7.65133215])"
700,1,1,9,1,"array([23.61892045, 17.42798462])"
701,1,3,11,1,"array([21.74955603,  8.71274718])"
702,2,1,11,1,"array([23.0202037 , 11.11005878])"
703,1,1,10,1,"array([23.88476462,  9.36554126])"
704,1,1,10,1,"array([23.3182924 , 10.78008622])"
705,2,1,11,1,"array([22.908637  , 11.09649752])"
706,2,1,12,1,"array([22.05099722,  9.42371796])"
707,2,2,11,1,"array([25.91874707,  8.26334243])"
708,1,2,10,1,"array([23.84808059,  7.52659235])"
709,2,2,10,1,"array([25.51453717,  7.88084742])"
710,1,2,10,1,"array([26.86698936,  8.76677311])"
711,2,2,9,1,"array([26.32552418,  9.25452274])"
712,2,2,12,1,"array([25.60125033,  6.78338659])"
713,2,1,9,1,"array([24.16377993, 10.74315021])"
714,1,2,9,1,"array([25.32246198,  9.33428057])"
715,2,1,9,1,"array([25.41522297,  8.73833811])"
716,2,1,12,1,"array([22.56830001,  8.03273427])"
717,2,1,11,1,"array([23.00811505,  9.07059497])"
718,2,1,10,1,"array([24.31580603, 11.09760208])"
719,2,1,11,1,"array([23.31453785,  8.71714648])"
720,2,2,9,1,"array([26.48431968,  8.21029595])"
721,2,3,12,1,"array([24.75366823,  7.06138353])"
722,1,1,11,1,"array([22.98307005, 10.57233921])"
723,2,2,10,1,"array([27.12570153,  8.41417265])"
724,1,1,9,1,"array([25.5507026 , 17.54588796])"
725,2,2,9,1,"array([25.91742309,  8.42303771])"
726,2,3,10,1,"array([23.56336073,  7.43137452])"
727,1,1,11,1,"array([23.3747143, 10.5659383])"
728,2,1,12,1,"array([22.27072002, 10.77863294])"
729,2,1,10,1,"array([23.75459612,  9.21169309])"
730,2,1,10,1,"array([24.73766759,  8.16512089])"
731,1,4,10,1,"array([24.56634302,  9.10808079])"
732,1,1,10,1,"array([24.31674721, 11.61100145])"
733,2,1,9,1,"array([24.63439189, 10.2675489 ])"
734,2,1,10,1,"array([23.45248054,  8.72624244])"
735,1,4,9,1,"array([25.91662885,  9.0859074 ])"
736,1,1,10,1,"array([23.91109947, 10.28678281])"
737,1,1,9,1,"array([26.19890766,  8.20791485])"
738,1,4,11,1,"array([24.34075842,  8.74387638])"
739,1,4,12,1,"array([22.49167634,  8.45708645])"
740,1,1,9,1,"array([24.63580374,  9.08722122])"
741,1,1,10,1,"array([23.40128225,  9.26577656])"
742,2,1,9,1,"array([24.25235311, 10.98200073])"
743,1,1,11,1,"array([22.79782932, 11.27154674])"
744,1,1,11,1,"array([22.83418465, 10.31618176])"
745,1,1,10,1,"array([23.36636131, 10.19421146])"
746,2,1,11,1,"array([22.49617624, 10.13886263])"
747,1,2,10,1,"array([25.23351283,  7.56464104])"
748,1,1,9,1,"array([24.24216864, 10.56303577])"
749,1,1,11,1,"array([23.00390596,  9.52545989])"
750,2,1,12,1,"array([22.03021214,  9.59843861])"
751,2,1,10,1,"array([23.68909604,  9.99480472])"
752,2,5,10,1,"array([23.46477542,  9.0623166 ])"
753,1,2,9,1,"array([31.27484209,  5.44557884])"
754,2,1,11,1,"array([26.46563097,  6.89139676])"
755,2,1,11,1,"array([22.68094203,  9.27764699])"
756,2,1,10,1,"array([23.35628551,  9.63629133])"
757,1,1,10,1,"array([23.29922513,  9.94794926])"
758,1,1,12,1,"array([24.78135609,  8.55640432])"
759,2,1,12,1,"array([32.31320596, 13.16762099])"
760,1,1,9,1,"array([23.92126409,  8.75863512])"
761,2,1,9,1,"array([25.25993566,  9.6188335 ])"
762,2,1,9,1,"array([24.63513369, 10.11453629])"
763,2,1,11,1,"array([23.04715804, 10.50552049])"
764,1,1,9,1,"array([24.83432585,  8.26588375])"
765,2,3,9,1,"array([25.25887111,  8.39921362])"
766,1,2,10,1,"array([25.77399602,  8.70087837])"
767,2,1,12,1,"array([23.96591342,  7.81897858])"
768,2,1,9,1,"array([24.58173146,  9.87324516])"
769,2,1,11,1,"array([22.72373881, 11.15991284])"
770,1,1,9,1,"array([31.17719093, 14.98024358])"
771,2,2,9,1,"array([26.9818973 ,  8.50898204])"
772,2,1,12,1,"array([23.56563026,  8.9994939 ])"
773,1,1,11,1,"array([23.33908755,  7.62381373])"
774,2,1,10,1,"array([23.33023603,  9.76188454])"
775,2,1,11,1,"array([23.68912613,  7.23603401])"
776,1,4,9,1,"array([23.93929371, 10.52731285])"
777,1,1,10,1,"array([23.4547238 , 10.92554954])"
778,2,5,9,1,"array([24.26145532, 10.42496031])"
779,2,1,11,1,"array([22.33044572,  9.64069104])"
780,2,1,10,1,"array([22.93016652, 10.43681448])"
781,2,1,9,1,"array([24.79339689, 10.69715144])"
782,2,1,10,1,"array([23.09207127,  8.22509864])"
783,2,2,10,1,"array([24.74883241,  5.84968432])"
784,2,5,9,1,"array([24.31092805, 11.36444956])"
785,1,1,10,1,"array([23.96903766,  9.25449214])"
786,2,4,10,1,"array([23.10847286,  7.91732973])"
787,1,1,10,1,"array([23.52412761,  9.85115302])"
788,1,2,9,1,"array([25.37584973,  8.32163818])"
789,2,2,9,1,"array([25.57322603,  9.31038484])"
790,2,2,9,1,"array([25.88757476,  7.83877127])"
791,2,5,10,1,"array([21.44296922,  8.92098174])"
792,1,4,11,1,"array([23.35786791,  9.35065179])"
793,1,1,9,1,"array([24.90574721,  9.54379752])"
794,1,1,12,1,"array([23.33407005,  8.43720092])"
795,1,1,11,1,"array([23.2639746 , 10.52902569])"
796,2,1,9,1,"array([23.83431092, 10.55347091])"
797,2,1,10,1,"array([24.40748941,  7.68612153])"
798,1,1,9,1,"array([24.76236211, 10.01513713])"
799,2,5,9,1,"array([24.99644597,  9.02378297])"
800,2,5,12,1,"array([26.60662294,  1.88903297])"
801,1,1,9,1,"array([24.480885  , 10.40735695])"
802,1,1,12,1,"array([23.70292792,  9.62451311])"
803,2,2,9,1,"array([25.66215858,  8.73003769])"
804,2,1,11,1,"array([31.41877524,  4.69947387])"
805,1,1,10,1,"array([23.29770363,  7.79358297])"
806,1,1,12,1,"array([21.198501  ,  8.91858737])"
807,1,1,10,1,"array([24.13904153,  9.20613141])"
808,2,1,10,1,"array([28.33653169,  2.16158654])"
809,1,1,9,1,"array([25.11771478,  8.71956874])"
810,1,1,12,1,"array([22.97759546,  8.36410362])"
811,2,1,12,1,"array([22.67724543,  9.07122994])"
812,2,1,10,1,"array([23.50760148,  6.97995548])"
813,2,1,11,1,"array([22.53377308,  9.55401776])"
814,2,1,10,1,"array([24.51778266,  9.23103655])"
815,1,1,10,1,"array([24.63393249,  8.70582597])"
816,1,2,10,1,"array([25.66418086,  7.55663607])"
817,2,5,10,1,"array([25.4231598 ,  8.87713338])"
818,2,1,12,1,"array([23.58101896,  8.14360342])"
819,2,2,9,1,"array([25.83287545,  9.25563203])"
820,1,2,10,1,"array([24.37737231,  7.27218303])"
821,2,1,10,1,"array([23.38450074,  9.00197004])"
822,2,1,11,1,"array([23.06419152, 10.2481831 ])"
823,2,1,11,1,"array([22.4466319 , 10.24099893])"
824,2,1,11,1,"array([22.02818678,  8.93517401])"
825,1,1,10,1,"array([24.13841587,  8.69774477])"
826,2,1,10,1,"array([23.11142174,  9.40605029])"
827,2,1,10,1,"array([23.66135634,  7.66654004])"
828,2,1,11,1,"array([23.02428855,  8.67562175])"
829,2,1,11,1,"array([23.07378684,  9.8465069 ])"
830,2,1,9,1,"array([23.66235015, 10.16221795])"
831,1,2,10,1,"array([24.54932051, 17.53785057])"
832,2,1,10,1,"array([21.12666482,  8.27634355])"
833,1,1,9,1,"array([24.45388518,  8.69388389])"
834,2,1,12,1,"array([22.62584187,  9.36836308])"
835,1,3,10,1,"array([25.5480026 ,  8.65782305])"
836,1,1,12,1,"array([24.51610062,  7.87523518])"
837,2,4,10,1,"array([29.17081452, 16.67684284])"
838,2,2,12,1,"array([25.29204552,  5.38195482])"
839,1,1,9,1,"array([24.5295352 , 11.11496128])"
840,2,5,10,1,"array([24.23230276,  9.44799826])"
841,2,1,11,1,"array([22.28500063,  7.96073831])"
842,2,1,10,1,"array([24.27315759,  8.30706062])"
843,1,1,10,1,"array([23.77705674,  9.81168104])"
844,1,1,9,1,"array([24.54123119,  9.54571974])"
845,2,2,9,1,"array([26.6949262 ,  8.97784207])"
846,2,1,11,1,"array([23.16452048,  9.21314774])"
847,2,2,9,1,"array([26.38367571,  8.66683274])"
848,2,5,10,1,"array([25.42534892,  8.17529346])"
849,2,5,10,1,"array([24.73730076,  8.7780823 ])"
850,2,2,10,1,"array([25.27159636,  8.5421973 ])"
851,2,1,9,1,"array([24.50439833, 10.86251291])"
852,1,1,10,1,"array([23.89401533,  9.54070461])"
853,2,1,10,1,"array([23.09083567,  8.39914012])"
854,1,1,9,1,"array([24.79752109, 10.5569916 ])"
855,1,1,12,1,"array([23.85287105,  8.42481926])"
856,2,1,11,1,"array([23.38734299,  8.88858166])"
857,1,1,9,1,"array([24.38731087,  9.93182394])"
858,2,2,12,1,"array([25.41706233,  6.84462288])"
859,1,1,11,1,"array([23.26685738,  9.59561758])"
860,1,1,11,1,"array([27.55570025, 17.43711095])"
861,2,1,10,1,"array([22.61768882, 10.8277337 ])"
862,1,1,9,1,"array([24.9168283 , 10.62249393])"
863,2,1,11,1,"array([23.00791037,  7.99952118])"
864,2,1,11,1,"array([23.51718754,  9.604496  ])"
865,1,1,9,1,"array([23.23370917, 11.22412297])"
866,2,1,12,1,"array([23.14741785,  9.29243075])"
867,2,1,9,1,"array([24.23409492, 10.68791971])"
868,2,3,11,1,"array([24.62465733,  6.78946688])"
869,1,1,11,1,"array([22.92725997,  8.46356347])"
870,2,3,12,1,"array([22.11448111, 10.48026556])"
871,2,2,11,1,"array([24.9063516 ,  7.68666242])"
872,2,1,9,1,"array([24.39191699,  9.79953164])"
873,2,1,11,1,"array([23.84254345,  7.97865226])"
874,1,1,10,1,"array([23.50869251,  8.7865702 ])"
875,2,1,9,1,"array([25.0711925 ,  9.66096327])"
876,2,1,9,1,"array([22.28587852,  8.47992917])"
877,1,3,9,1,"array([25.22000027,  9.09747256])"
878,2,3,10,1,"array([24.95056192,  8.26142458])"
879,2,1,9,1,"array([24.04010582, 10.91265676])"
880,2,1,10,1,"array([22.96661808,  8.12060774])"
881,2,1,11,1,"array([23.15784198,  7.72992659])"
882,1,1,11,1,"array([23.12285781, 10.61056813])"
883,2,3,12,1,"array([23.14746258,  6.96704515])"
884,1,1,12,1,"array([23.50443177,  8.65721259])"
885,1,2,11,1,"array([18.79452974, 14.94143749])"
886,1,1,9,1,"array([24.731716  ,  8.99643719])"
887,1,1,10,1,"array([16.42404386,  9.97408777])"
888,2,1,10,1,"array([23.79396783,  9.05230905])"
889,1,1,9,1,"array([24.20959763, 11.15581714])"
890,2,1,11,1,"array([21.28789068,  8.74235607])"
891,1,1,12,1,"array([16.55559677,  8.11365337])"
892,2,1,9,1,"array([24.34854762,  9.86844923])"
893,1,1,11,1,"array([22.37911212, 10.32982558])"
894,1,1,11,1,"array([22.76877805,  9.00605232])"
895,1,2,12,1,"array([25.43145056,  8.01097695])"
896,2,1,9,1,"array([23.18574027,  8.87480751])"
897,2,1,11,1,"array([23.03594025,  8.48656124])"
898,2,1,11,1,"array([21.83935031,  8.95929411])"
899,1,1,11,1,"array([22.98489484,  8.93312811])"
900,1,1,11,1,"array([23.91655554,  9.09291849])"
901,2,2,10,1,"array([25.55328205,  8.1317271 ])"
902,1,2,9,1,"array([25.60842021,  8.84161194])"
903,2,1,11,1,"array([23.92610143,  7.35087374])"
904,1,1,11,1,"array([22.6218609 ,  8.71153728])"
905,2,5,11,1,"array([23.73299221,  8.42665218])"
906,2,1,9,1,"array([24.64933115, 10.73490003])"
907,2,1,9,1,"array([24.94221431,  9.2535866 ])"
908,2,1,9,1,"array([23.99095064, 10.68004029])"
909,2,1,9,1,"array([22.60870506,  7.59039552])"
910,2,1,11,1,"array([22.79695927,  9.81473465])"
911,1,1,10,1,"array([24.29058262,  7.84928125])"
912,1,1,11,1,"array([23.51760495,  9.71757103])"
913,2,3,9,1,"array([26.62724662,  8.4222161 ])"
914,2,2,12,1,"array([25.47451224,  6.50208667])"
915,1,1,11,1,"array([23.19790413,  8.60576565])"
916,1,1,10,1,"array([24.02392462,  8.58329476])"
917,1,1,9,1,"array([24.69902114,  9.55802095])"
918,1,1,9,1,"array([25.02431981, 10.98251116])"
919,2,1,12,1,"array([22.96839385,  9.22554833])"
920,1,1,9,1,"array([25.50172877,  9.69776661])"
921,1,1,9,1,"array([24.47065725, 10.75718334])"
922,2,1,9,1,"array([24.30996632, 10.50151764])"
923,1,1,12,1,"array([23.38098384, 10.42423196])"
924,2,1,10,1,"array([23.47554772, 10.10019335])"
925,2,1,11,1,"array([22.54441213,  9.66175736])"
926,2,1,12,1,"array([21.81624763,  8.08512462])"
927,1,1,9,1,"array([24.73025317, 10.10671022])"
928,2,2,10,1,"array([26.22450945,  8.72534321])"
929,2,1,11,1,"array([23.07621941, 10.9028178 ])"
930,2,1,10,1,"array([23.94307146,  8.40024402])"
931,1,2,10,1,"array([24.60175962,  8.86410409])"
932,2,2,10,1,"array([28.49026428,  2.89844587])"
933,2,1,12,1,"array([21.83633661,  9.96065023])"
934,1,1,9,1,"array([24.74770117, 11.11320576])"
935,1,1,10,1,"array([16.43139236,  9.05845049])"
936,2,1,10,1,"array([24.38196662,  8.8315169 ])"
937,2,1,11,1,"array([23.57453101,  9.09830775])"
938,1,1,9,1,"array([25.64565771,  9.97834362])"
939,1,1,11,1,"array([22.69021582,  9.69429645])"
940,2,1,11,1,"array([22.82366599,  8.47131328])"
941,1,2,10,1,"array([25.30251745,  8.98875795])"
942,1,3,10,1,"array([21.34364926,  8.04417303])"
943,1,1,12,1,"array([23.1562895 ,  9.84671177])"
944,2,1,10,1,"array([24.09399111,  9.7765207 ])"
945,2,3,10,1,"array([26.26080001,  8.08793186])"
946,1,2,10,1,"array([25.26620556,  8.69385033])"
947,1,1,12,1,"array([22.00563295, 11.6411615 ])"
948,2,1,10,1,"array([23.13055398, 10.13948875])"
949,2,1,10,1,"array([23.79384059,  9.56072367])"
950,2,1,10,1,"array([24.11962225,  9.59178204])"
951,2,2,9,1,"array([26.03254146,  8.3876056 ])"
952,1,1,10,1,"array([23.80103185, 10.23565931])"
953,1,4,12,1,"array([24.79829716,  7.27740451])"
954,2,1,10,1,"array([23.40982662, 10.29494287])"
955,2,1,9,1,"array([24.82488401, 10.88297438])"
956,2,1,12,1,"array([22.9103255 , 10.15008441])"
957,2,1,11,1,"array([23.22810697,  8.48726998])"
958,2,3,11,1,"array([21.33060142,  9.2595443 ])"
959,1,1,11,1,"array([22.87758267, 10.66006717])"
960,2,1,10,1,"array([23.77373816,  8.61910808])"
961,1,1,10,1,"array([23.60932409, 10.05778347])"
962,2,1,11,1,"array([22.87351744,  9.55037822])"
963,2,1,11,1,"array([22.41737909,  9.24949498])"
964,1,1,9,1,"array([25.36044195, 10.20671703])"
965,1,1,9,1,"array([24.35941866, 10.01992444])"
966,2,1,10,1,"array([23.63253395,  9.31784299])"
967,1,1,11,1,"array([23.35771481,  8.2131981 ])"
968,1,1,9,1,"array([24.76784231, 10.26312803])"
969,2,1,9,1,"array([24.32739805, 10.601123  ])"
970,1,1,10,1,"array([21.97316703,  8.28286999])"
971,1,2,9,1,"array([25.67892657,  8.93125536])"
972,1,3,11,1,"array([23.08766673, 10.40566455])"
973,1,4,9,1,"array([25.43728447,  1.94030042])"
974,1,1,11,1,"array([22.73364517,  9.51267128])"
975,2,1,12,1,"array([22.7356409 , 17.23641074])"
976,1,1,10,1,"array([24.78561921, 11.27274859])"
977,2,1,9,1,"array([24.89754422,  9.36115444])"
978,1,1,11,1,"array([23.72174235,  9.30620842])"
979,1,3,9,1,"array([24.64496299, 11.02454641])"
980,2,1,9,1,"array([24.83774167, 10.35200959])"
981,1,1,9,1,"array([17.27054319, 13.06290727])"
982,1,1,10,1,"array([24.15375628,  7.75804337])"
983,2,1,9,1,"array([23.96560843,  9.64942394])"
984,2,1,11,1,"array([23.07379345,  9.65093745])"
985,2,1,10,1,"array([21.63007411,  9.64005356])"
986,2,1,9,1,"array([24.17165364, 10.28638561])"
987,1,1,9,1,"array([25.08853199, 10.0382062 ])"
988,2,1,9,1,"array([23.95666826,  9.98102806])"
989,1,1,12,1,"array([23.72440367, 10.66520178])"
990,2,3,11,1,"array([22.59671333,  7.79163656])"
991,1,1,12,1,"array([22.59171025, 10.39825844])"
992,1,1,11,1,"array([23.59888542,  9.52874176])"
993,1,1,12,1,"array([22.65707577,  8.33688458])"
994,2,1,10,1,"array([22.41306279,  8.99228319])"
995,2,1,11,1,"array([22.64529733,  9.59134217])"
996,2,1,11,1,"array([22.71587882, 10.08212606])"
997,1,1,11,1,"array([23.39715682,  9.17594377])"
998,1,1,11,1,"array([22.73502318,  7.95374562])"
999,2,1,9,1,"array([24.19262195, 10.47974737])"
1000,1,5,12,1,"array([24.35946144,  7.49946571])"
1001,1,2,10,1,"array([24.92449915,  8.13688745])"
1002,2,1,12,1,"array([19.53576548, 15.61576666])"
1003,2,1,11,1,"array([22.31326594,  9.77162359])"
1004,0,1,12,1,"array([22.82708064,  9.11268979])"
1005,2,1,11,1,"array([22.90759647,  9.02395142])"
1006,1,1,12,1,"array([23.574926  , 11.63947451])"
1007,2,1,10,1,"array([22.79629566,  8.69495691])"
1008,1,4,11,1,"array([23.22751994,  9.01833481])"
1009,2,1,10,1,"array([23.59927128,  8.9091574 ])"
1010,2,1,10,1,"array([23.93268057, 11.18579986])"
1011,2,1,9,1,"array([24.39371313,  9.1649946 ])"
1012,2,1,12,1,"array([23.07477243,  9.19361057])"
1013,2,1,12,1,"array([23.54288886,  7.60974761])"
1014,2,5,11,1,"array([22.49444421,  8.8811466 ])"
1015,1,1,11,1,"array([19.81434214,  3.08566153])"
1016,2,1,11,1,"array([23.32034095,  7.40010299])"
1017,2,1,10,1,"array([24.27225011,  9.13793847])"
1018,1,1,10,1,"array([25.18784701,  9.52553758])"
1019,2,2,10,1,"array([25.41629476,  7.70486635])"
1020,2,1,11,1,"array([23.27101042,  8.89189103])"
1021,1,1,11,1,"array([23.02072325,  9.34077485])"
1022,2,1,12,1,"array([22.13320084, 10.6609095 ])"
1023,1,1,9,1,"array([24.77069448, 10.79687626])"
1024,1,2,9,1,"array([26.11921637,  8.66382719])"
1025,2,2,10,1,"array([24.69540118,  7.92339981])"
1026,2,2,10,1,"array([25.58073932,  7.26445792])"
1027,2,1,12,1,"array([22.2605885 ,  8.91842012])"
1028,2,1,9,1,"array([24.81362951,  9.92001996])"
1029,2,2,10,1,"array([25.76078396,  7.44506552])"
1030,2,1,11,1,"array([22.70956569,  8.65853197])"
1031,2,1,11,1,"array([23.24349155,  8.39773508])"
1032,2,3,9,1,"array([23.99889769,  9.809188  ])"
1033,1,2,9,1,"array([26.20274959,  7.96163763])"
1034,2,1,11,1,"array([23.09272458,  7.59746654])"
1035,1,1,10,1,"array([24.62107578,  7.78086143])"
1036,1,1,9,1,"array([26.57288538,  9.13439468])"
1037,2,2,12,1,"array([25.35276648,  7.4896288 ])"
1038,2,1,11,1,"array([24.14926844,  8.60707321])"
1039,2,1,9,1,"array([24.5796554 ,  9.76581864])"
1040,1,1,9,1,"array([25.23503939,  8.88185678])"
1041,2,1,10,1,"array([22.98740818,  9.71742518])"
1042,2,1,11,1,"array([23.79647853,  8.49476034])"
1043,2,1,10,1,"array([23.97130681,  9.46893278])"
1044,1,1,11,1,"array([23.01809368,  8.58057382])"
1045,0,0,0,1,"array([24.06971199,  9.29218203])"
1046,1,1,9,1,"array([25.15599581,  9.78877817])"
1047,1,1,10,1,"array([24.43119412,  8.43369441])"
1048,1,1,10,1,"array([24.05035775,  8.38549992])"
1049,2,1,9,1,"array([24.34441918,  9.44929608])"
1050,1,1,11,1,"array([23.6062701 ,  9.86612513])"
1051,1,2,11,1,"array([24.13684015,  7.29567662])"
1052,2,1,12,1,"array([23.27113914, 10.04646957])"
1053,1,5,11,1,"array([22.81013429,  8.8243897 ])"
1054,2,4,11,1,"array([21.99581401,  9.29285552])"
1055,2,1,10,1,"array([23.40007046,  8.48492978])"
1056,1,1,9,1,"array([24.04665128, 10.16377201])"
1057,2,1,12,1,"array([23.06297044, 10.07578719])"
1058,2,1,11,1,"array([22.00252769,  9.74012712])"
1059,2,1,10,1,"array([24.17566108,  8.93947842])"
1060,1,2,8,0,"array([26.31976923,  8.85295   ])"
1061,1,1,8,0,"array([26.078833  , 11.49593259])"
1062,2,2,7,0,"array([27.0197754 ,  9.11385412])"
1063,2,5,8,0,"array([26.27766335, 10.79731696])"
1064,1,2,7,0,"array([26.90639142, 10.21408847])"
1065,1,2,7,0,"array([28.36116898, 10.14953038])"
1066,2,1,8,0,"array([25.65873103, 11.37662097])"
1067,1,3,7,0,"array([27.34916393,  9.71372418])"
1068,1,2,7,0,"array([27.73619218, 10.00385442])"
1069,2,1,7,0,"array([26.62475812, 11.28779261])"
1070,2,2,7,0,"array([25.183608  , 12.26401411])"
1071,2,1,7,0,"array([27.03939382, 10.80842367])"
1072,2,1,7,0,"array([27.0144204 , 11.49108355])"
1073,2,2,7,0,"array([27.49543138,  9.76582515])"
1074,1,1,8,0,"array([25.86253235, 11.18453443])"
1075,1,1,7,0,"array([26.89465395, 11.49359506])"
1076,2,1,8,0,"array([26.17787108, 11.12739889])"
1077,2,1,7,0,"array([27.52306289, 12.6552874 ])"
1078,0,3,0,0,"array([27.63739341,  9.24188201])"
1079,1,1,7,0,"array([27.12930932, 10.61743558])"
1080,2,5,8,0,"array([26.25053215, 10.41516436])"
1081,2,1,8,0,"array([25.59575881, 11.2688742 ])"
1082,1,1,7,0,"array([27.28283642, 11.27353847])"
1083,2,1,7,0,"array([27.38024856, 10.71256812])"
1084,2,1,8,0,"array([25.88507243, 11.26625202])"
1085,2,2,7,0,"array([27.56365101, 10.04938912])"
1086,2,1,8,0,"array([26.49997723, 11.81630207])"
1087,2,1,7,0,"array([28.37549637, 11.42142895])"
1088,2,1,8,0,"array([25.75989737, 11.33104556])"
1089,1,1,8,0,"array([26.37745074, 12.38977687])"
1090,2,1,7,0,"array([26.99186592, 11.14601132])"
1091,1,2,7,0,"array([27.67107304, 10.2631651 ])"
1092,1,1,8,0,"array([26.02421947, 11.9222043 ])"
1093,2,1,8,0,"array([25.96603335, 10.86899353])"
1094,2,1,7,0,"array([27.55707259, 11.87272165])"
1095,2,5,8,0,"array([25.92789631, 12.10592451])"
1096,2,1,7,0,"array([28.07450256, 10.62001   ])"
1097,2,2,8,0,"array([26.73840826, 10.3309989 ])"
1098,2,1,7,0,"array([27.23874722, 11.39208629])"
1099,1,1,8,0,"array([18.75196199,  3.98159495])"
1100,2,1,8,0,"array([25.65935959, 10.76869338])"
1101,1,1,8,0,"array([25.64916914, 11.73307057])"
1102,1,1,7,0,"array([27.40684086, 10.89093839])"
1103,0,1,7,0,"array([26.89760198, 10.98681451])"
1104,2,1,8,0,"array([26.83403755, 11.66270733])"
1105,2,2,7,0,"array([27.52445995,  9.58279059])"
1106,2,1,8,0,"array([25.91498945, 11.70867763])"
1107,1,1,8,0,"array([26.4297669 , 10.98882627])"
1108,1,1,7,0,"array([17.76555788,  5.18577247])"
1109,2,5,7,0,"array([26.13560425, 10.95225444])"
1110,1,2,8,0,"array([30.02034359,  3.2309334 ])"
1111,2,1,7,0,"array([27.98560382, 11.49010516])"
1112,1,1,7,0,"array([27.89782421, 11.61967434])"
1113,2,1,7,0,"array([27.60382606, 10.60566216])"
1114,2,2,8,0,"array([26.43770757, 10.62365268])"
1115,1,2,8,0,"array([27.14130632,  9.93711468])"
1116,2,2,7,0,"array([27.84785751,  9.87225186])"
1117,1,2,7,0,"array([27.94637491,  9.34320948])"
1118,2,1,7,0,"array([27.31705892, 11.50308452])"
1119,2,2,8,0,"array([26.75041187,  9.50085628])"
1120,1,4,7,0,"array([26.50632921, 10.4694966 ])"
1121,2,1,7,0,"array([27.29017653, 10.76893427])"
1122,2,1,8,0,"array([27.0962639 , 12.06398074])"
1123,1,2,8,0,"array([26.49665155, 10.0371335 ])"
1124,2,2,8,0,"array([21.24337997, 17.36587047])"
1125,2,2,7,0,"array([27.38594321,  9.95753605])"
1126,2,1,8,0,"array([26.07965928, 11.78845979])"
1127,2,1,8,0,"array([25.92780253, 10.54771193])"
1128,1,2,8,0,"array([21.44298702,  2.29197546])"
1129,1,1,8,0,"array([29.99379413,  3.99428924])"
1130,1,1,7,0,"array([27.92882311, 11.01203379])"
1131,2,1,8,0,"array([25.52333364, 10.76947088])"
1132,1,1,8,0,"array([31.86711434,  6.32471681])"
1133,1,1,8,0,"array([26.54524257, 11.7013332 ])"
1134,1,2,8,0,"array([27.13757839, 10.38359723])"
1135,2,2,7,0,"array([27.61282658,  9.80359654])"
1136,2,1,7,0,"array([26.64979816, 10.63500102])"
1137,2,2,8,0,"array([27.17227874,  9.74163911])"
1138,1,5,7,0,"array([28.18961898, 10.46004916])"
1139,2,2,7,0,"array([27.6293608 , 10.35830585])"
1140,1,2,7,0,"array([27.09921415, 10.126161  ])"
1141,1,3,8,0,"array([26.58441548,  9.50518521])"
1142,2,1,8,0,"array([25.75659643, 10.49924563])"
1143,2,1,8,0,"array([26.76921163, 12.43541706])"
1144,1,1,7,0,"array([26.90773268,  7.96887273])"
1145,1,1,7,0,"array([28.44308104, 10.89007558])"
1146,2,2,8,0,"array([27.1110544 , 10.91284608])"
1147,1,1,8,0,"array([25.80063042, 10.94531009])"
1148,2,1,7,0,"array([26.96031686, 11.57767887])"
1149,2,1,7,0,"array([28.24537313, 10.80476744])"
1150,1,1,8,0,"array([26.14193874, 11.56925984])"
1151,2,1,7,0,"array([26.82871677, 11.1519652 ])"
1152,1,5,0,0,"array([27.49307902, 11.29125352])"
1153,2,2,8,0,"array([26.85777893, 10.59260406])"
1154,1,1,7,0,"array([26.66421269,  9.69191911])"
1155,1,1,8,0,"array([26.52017709, 12.07923469])"
1156,1,2,8,0,"array([28.11342389,  9.7447968 ])"
1157,2,1,8,0,"array([26.37701412, 11.56978621])"
1158,1,2,8,0,"array([27.4602325 , 10.35991678])"
1159,1,2,9,0,"array([26.59553247, 10.72494397])"
1160,1,1,8,0,"array([25.84682954, 10.77350335])"
1161,2,3,8,0,"array([25.89382663, 11.57468541])"
1162,1,5,7,0,"array([27.66441004, 10.50752005])"
1163,2,2,8,0,"array([27.21458648, 10.1292527 ])"
1164,2,1,8,0,"array([26.00491292, 12.00746234])"
1165,1,1,8,0,"array([25.72626758, 11.64760383])"
1166,1,1,7,0,"array([27.4986528 , 10.84411363])"
1167,1,1,8,0,"array([26.64404403, 12.12928585])"
1168,1,2,8,0,"array([27.82347845, 10.13511506])"
1169,1,1,8,0,"array([25.91048153, 10.95122484])"
1170,1,2,7,0,"array([28.14408537, 10.29044896])"
1171,2,2,8,0,"array([26.22898206, 12.74832416])"
1172,1,1,7,0,"array([27.87536519, 10.86639913])"
1173,1,1,7,0,"array([27.27930608, 11.02865908])"
1174,2,1,7,0,"array([26.92447327, 11.77058704])"
1175,1,5,7,0,"array([28.20230606, 11.55489017])"
1176,1,1,8,0,"array([26.61513826, 11.4098609 ])"
1177,1,1,8,0,"array([26.28493558, 11.4504    ])"
1178,1,5,7,0,"array([27.78552257, 11.02776966])"
1179,1,1,7,0,"array([27.74943453, 10.41001747])"
1180,2,4,8,0,"array([26.17865937, 11.81285452])"
1181,2,5,8,0,"array([25.66495834, 11.1941901 ])"
1182,1,2,7,0,"array([27.14388118, 10.26526189])"
1183,2,1,8,0,"array([26.26427671, 12.17420409])"
1184,2,1,8,0,"array([25.90909308, 11.4090161 ])"
1185,2,1,7,0,"array([26.74146088, 11.49308073])"
1186,1,1,7,0,"array([27.70547918, 11.90348867])"
1187,2,2,8,0,"array([26.84824495,  9.63578574])"
1188,1,1,8,0,"array([26.28933012, 11.26958456])"
1189,2,1,7,0,"array([27.00937693, 10.52908836])"
1190,2,2,8,0,"array([26.1253029 , 10.21089215])"
1191,1,1,7,0,"array([26.29966166, 10.080329  ])"
1192,1,2,7,0,"array([27.56958142, 10.19920641])"
1193,2,2,8,0,"array([26.22405175,  9.61735268])"
1194,2,1,7,0,"array([27.96025023, 10.48735582])"
1195,1,2,8,0,"array([26.46794396,  9.89004191])"
1196,1,3,8,0,"array([25.98186096, 11.12210306])"
1197,1,1,7,0,"array([27.42783272, 11.38097801])"
1198,2,2,7,0,"array([27.53577677,  9.6709262 ])"
1199,2,1,7,0,"array([27.38679679, 11.2019605 ])"
1200,2,1,8,0,"array([16.80087184,  7.15643287])"
1201,2,1,8,0,"array([26.14895877, 11.95372896])"
1202,1,1,8,0,"array([25.85237408, 11.3425402 ])"
1203,1,1,7,0,"array([26.90858287, 10.84247269])"
1204,2,4,7,0,"array([26.54038681, 10.16370768])"
1205,1,5,6,0,"array([26.96793364, 11.91850748])"
1206,1,1,7,0,"array([26.41940553,  8.39785945])"
1207,2,2,7,0,"array([27.46422703, 10.15921921])"
1208,2,2,7,0,"array([26.60909853,  9.33260608])"
1209,1,4,8,0,"array([26.07951674, 10.62071458])"
1210,2,1,8,0,"array([26.95808962, 12.35442621])"
1211,2,1,7,0,"array([26.92658382, 11.29181073])"
1212,2,1,8,0,"array([26.75094543, 11.73236843])"
1213,1,1,8,0,"array([26.97335269, 12.07162515])"
1214,1,1,7,0,"array([26.90924626, 10.7157272 ])"
1215,1,1,7,0,"array([27.89417565, 10.68952346])"
1216,2,2,8,0,"array([26.9485174 , 10.10789749])"
1217,1,2,7,0,"array([27.79530228, 10.27952038])"
1218,1,1,7,0,"array([26.79228866, 11.01045748])"
1219,2,1,8,0,"array([26.05439217, 10.39752345])"
1220,2,1,7,0,"array([28.03681393, 11.14192999])"
1221,1,1,7,0,"array([17.88678356,  5.01028607])"
1222,2,5,7,0,"array([28.68851384, 11.43243582])"
1223,2,1,8,0,"array([25.79452823, 11.55297022])"
1224,1,3,7,0,"array([27.70978982, 11.16933272])"
1225,1,1,8,0,"array([25.89927394, 11.10163132])"
1226,2,2,8,0,"array([27.38872807,  9.42039529])"
1227,1,5,8,0,"array([26.91329172, 12.20341935])"
1228,1,2,8,0,"array([26.04638989, 11.03670703])"
1229,1,2,7,0,"array([27.36979359, 10.26256498])"
1230,2,2,8,0,"array([26.48671181,  9.71321527])"
1231,0,1,0,0,"array([26.42917201, 11.33715153])"
1232,1,1,8,0,"array([25.90628898, 12.40015846])"
1233,2,1,8,0,"array([25.99779953, 10.75594767])"
1234,2,2,8,0,"array([26.41756526,  9.55904077])"
1235,1,1,7,0,"array([27.6566026 , 11.49539844])"
1236,1,1,8,0,"array([22.67181219,  2.00771883])"
1237,2,2,7,0,"array([27.05845481,  9.3134214 ])"
1238,2,3,7,0,"array([27.63251226, 11.08362127])"
1239,2,1,7,0,"array([28.66683926, 11.24384674])"
1240,2,2,7,0,"array([28.412163  , 10.63526743])"
1241,1,1,7,0,"array([27.45851201, 11.94133255])"
1242,2,1,7,0,"array([27.79580415, 10.62490384])"
1243,1,1,8,0,"array([25.59405188, 10.60188965])"
1244,1,1,7,0,"array([26.78015782, 11.38232552])"
1245,1,1,7,0,"array([27.25960859,  9.9961513 ])"
1246,1,1,8,0,"array([26.11232087, 11.23633709])"
1247,1,1,8,0,"array([26.27676749, 11.06906494])"
1248,2,3,12,0,"array([23.82269527, 11.37199545])"
1249,2,1,7,0,"array([26.8055932, 10.410942 ])"
1250,1,1,8,0,"array([25.92083641, 11.86978463])"
1251,2,3,8,0,"array([24.27781651, 12.67014813])"
1252,2,1,7,0,"array([27.75788475, 10.75525592])"
1253,1,1,7,0,"array([27.23201372, 11.82714549])"
1254,1,1,8,0,"array([26.72849728, 11.15728376])"
1255,1,4,7,0,"array([26.59294483, 10.22854529])"
1256,2,1,8,0,"array([26.4680108 , 12.26354904])"
1257,2,2,8,0,"array([25.32393601,  7.83697102])"
1258,1,2,8,0,"array([26.09848364, 10.85297657])"
1259,2,1,7,0,"array([28.19353305, 11.24231591])"
1260,1,1,7,0,"array([27.07249172, 11.79113863])"
1261,2,1,8,0,"array([25.3922076 , 11.27658247])"
1262,2,1,7,0,"array([26.46577175, 10.80933233])"
1263,2,1,8,0,"array([26.45196218, 11.6285926 ])"
1264,1,1,12,0,"array([27.16789186, 10.83460172])"
1265,2,1,8,0,"array([25.2117845 , 10.80667935])"
1266,1,1,12,0,"array([27.01582682, 10.69262018])"
1267,2,1,8,0,"array([25.5837121 , 11.43833166])"
1268,2,1,8,0,"array([26.82079241, 11.27541483])"
1269,1,1,8,0,"array([26.49233867, 11.25732213])"
1270,1,1,8,0,"array([26.11825322, 11.33111594])"
1271,1,1,8,0,"array([25.43257253, 10.75017085])"
1272,1,1,8,0,"array([26.8420119 , 11.89631763])"
1273,2,1,8,0,"array([25.51068702, 11.72330678])"
1274,2,1,7,0,"array([27.25488138, 10.67234554])"
1275,2,1,8,0,"array([26.49495587, 11.91355662])"
1276,2,1,8,0,"array([26.38017151, 11.22047863])"
1277,1,1,7,0,"array([27.65203678, 10.86092297])"
1278,2,1,7,0,"array([25.24241987, 11.20635638])"
1279,1,1,7,0,"array([27.75822848, 11.31268984])"
1280,1,1,8,0,"array([26.20979583, 11.23125348])"
1281,1,2,8,0,"array([26.84274337, 10.29492057])"
1282,1,2,8,0,"array([16.50957049, 10.8442951 ])"
1283,2,1,8,0,"array([25.40345563, 11.63088436])"
1284,2,5,8,0,"array([26.60630199, 11.81763006])"
1285,1,2,7,0,"array([23.16209346,  1.45729843])"
1286,2,5,8,0,"array([26.64271817, 12.26291415])"
1287,2,1,7,0,"array([27.90165237, 12.16658482])"
1288,2,1,8,0,"array([26.32746381, 11.66678685])"
1289,2,2,7,0,"array([27.41867025,  9.57653552])"
1290,2,1,7,0,"array([27.61475321, 11.30088141])"
1291,2,4,8,0,"array([25.69331034, 11.83561495])"
1292,2,1,8,0,"array([25.6655828 , 11.56534883])"
1293,2,1,7,0,"array([27.80455829, 12.45081107])"
1294,1,5,7,0,"array([26.22709196, 10.95875698])"
1295,2,2,8,0,"array([27.00429288, 10.37314563])"
1296,2,1,8,0,"array([25.60712578, 11.03689421])"
1297,1,1,8,0,"array([25.80160465, 11.43016504])"
1298,2,1,8,0,"array([26.04180956, 12.23466397])"
1299,2,1,7,0,"array([27.23695835, 10.92302681])"
1300,1,1,8,0,"array([25.76847285, 10.84773476])"
1301,1,1,8,0,"array([25.7341526, 11.0600291])"
1302,2,3,8,0,"array([26.40678562, 11.74846193])"
1303,2,1,8,0,"array([26.27818872, 11.74353035])"
1304,2,1,7,0,"array([26.91479348, 11.39153467])"
1305,2,4,8,0,"array([26.38140305, 11.08751821])"
1306,2,1,8,0,"array([27.30003542, 11.6214775 ])"
1307,2,1,7,0,"array([27.36525809, 10.99671414])"
1308,2,1,7,0,"array([27.77318673, 11.45843546])"
1309,2,5,8,0,"array([26.17931169, 11.5000828 ])"
1310,1,1,8,0,"array([25.91038169, 11.49033573])"
1311,2,5,7,0,"array([28.37779774, 11.02568976])"
1312,2,1,7,0,"array([26.84513868, 10.50188357])"
1313,1,1,7,0,"array([26.98329475, 11.68320888])"
1314,2,1,8,0,"array([26.00816667, 11.22438259])"
1315,1,2,8,0,"array([26.44692091, 10.30731102])"
1316,2,3,0,0,"array([25.03312627, 11.50720755])"
1317,2,1,7,0,"array([25.79252605, 10.34230354])"
1318,1,1,8,0,"array([26.03722398, 11.40164432])"
1319,1,1,7,0,"array([27.61044329, 10.74638954])"
1320,2,2,8,0,"array([26.70839898, 10.1754563 ])"
1321,2,1,8,0,"array([26.07942678, 11.63263831])"
1322,1,5,7,0,"array([26.69591422, 10.49734163])"
1323,2,2,8,0,"array([26.67358281, 10.02081327])"
1324,1,1,8,0,"array([18.90195474,  3.83503148])"
1325,1,2,7,0,"array([26.82931559, 10.04002739])"
1326,1,1,8,0,"array([26.78903337, 10.83188485])"
1327,2,2,8,0,"array([26.29349876, 10.2851482 ])"
1328,2,5,7,0,"array([26.92514442, 11.19930607])"
1329,1,1,8,0,"array([26.03145   , 11.56451526])"
1330,1,3,7,0,"array([24.38431573, 12.14861395])"
1331,2,1,7,0,"array([26.89235188, 11.09352019])"
1332,2,1,7,0,"array([27.82723087, 11.20556776])"
1333,1,2,8,0,"array([26.83770264,  9.86176402])"
1334,1,1,8,0,"array([25.78044869,  1.31485688])"
1335,1,1,7,0,"array([27.11937173, 11.05862759])"
1336,2,2,8,0,"array([26.5405652 , 10.33072691])"
1337,2,5,7,0,"array([27.54381374, 11.1625003 ])"
1338,1,4,8,0,"array([25.13636212, 10.38209974])"
1339,2,0,7,0,"array([27.00975069, 11.03923446])"
1340,1,2,7,0,"array([27.29673608,  9.50251562])"
1341,2,2,8,0,"array([27.35845499, 11.74404014])"
1342,1,2,7,0,"array([27.6678653 , 10.14513413])"
1343,1,2,8,0,"array([26.37315481, 11.41691992])"
1344,1,3,7,0,"array([27.19713244,  9.6472251 ])"
1345,1,1,8,0,"array([25.76388208, 10.69935198])"
1346,1,1,7,0,"array([27.2958103 , 10.85054791])"
1347,1,1,8,0,"array([26.41388652, 11.96926931])"
1348,2,5,7,0,"array([27.36861492, 10.60887821])"
1349,1,1,8,0,"array([25.39867636, 11.14647528])"
1350,2,1,8,0,"array([27.15496499, 11.67179922])"
1351,1,5,8,0,"array([26.11471933, 12.05047147])"
1352,1,2,7,0,"array([27.30212904,  9.81018784])"
1353,2,1,7,0,"array([28.12810199, 11.35765129])"
1354,1,1,8,0,"array([25.9738719 , 11.33244404])"
1355,2,2,7,0,"array([27.17114753,  9.52557315])"
1356,1,3,7,0,"array([21.97712024,  1.79815342])"
1357,2,1,7,0,"array([27.1672493, 10.7356439])"
1358,1,1,8,0,"array([26.15395274, 12.18995115])"
1359,1,1,8,0,"array([25.54301081, 11.35623224])"
1360,2,1,8,0,"array([25.70505071, 12.06369068])"
1361,1,1,8,0,"array([26.71920594, 11.30681056])"
1362,1,1,7,0,"array([28.10522093, 10.96943522])"
1363,2,2,7,0,"array([27.87068906, 10.01860688])"
1364,2,1,7,0,"array([27.51019592, 11.47296153])"
1365,1,4,7,0,"array([27.37210835, 11.09819896])"
1366,1,1,8,0,"array([26.37428397, 10.88631337])"
1367,2,1,8,0,"array([25.70396212, 11.48055055])"
1368,2,4,7,0,"array([27.5540903 , 11.59734097])"
1369,2,1,8,0,"array([26.84991422, 12.08708337])"
1370,1,2,7,0,"array([27.47087289, 10.02419622])"
1371,1,3,7,0,"array([27.32457802, 10.12179933])"
1372,1,2,8,0,"array([26.9757391 ,  9.95579859])"
1373,2,3,7,0,"array([27.32933958,  9.24192797])"
1374,1,3,7,0,"array([28.16618206, 10.10400256])"
1375,1,1,7,0,"array([28.01827958, 10.75700203])"
1376,1,1,8,0,"array([25.76588882, 11.22571931])"
1377,1,1,8,0,"array([26.48241501, 11.45310429])"
1378,1,1,8,0,"array([25.50695625, 11.18282709])"
1379,2,1,8,0,"array([25.88460911, 11.99609159])"
1380,2,1,8,0,"array([26.61386972, 11.60577799])"
1381,1,1,8,0,"array([25.42617057, 10.62850851])"
1382,2,1,7,0,"array([27.48076428, 10.51722215])"
1383,1,4,7,0,"array([27.22202028, 11.11622854])"
1384,1,1,7,0,"array([27.12578953, 11.32679281])"
1385,2,1,8,0,"array([25.767531  , 12.19189985])"
1386,1,1,7,0,"array([27.19703883, 11.228385  ])"
1387,1,1,7,0,"array([26.99065937, 10.94399545])"
1388,1,2,7,0,"array([27.20943865, 10.50051726])"
1389,1,2,7,0,"array([27.5876938 ,  9.90299682])"
1390,2,1,8,0,"array([26.00217287, 10.96155286])"
1391,2,1,7,0,"array([28.79340874, 10.84322585])"
1392,1,1,7,0,"array([27.58688063, 12.33842325])"
1393,1,1,7,0,"array([26.70093609,  9.87553623])"
1394,2,1,8,0,"array([25.82868496, 11.82990935])"
1395,2,2,7,0,"array([27.77825404,  9.40223246])"
1396,2,1,8,0,"array([26.29590253,  9.83702691])"
1397,1,2,8,0,"array([27.04994496,  9.62656247])"
1398,1,1,8,0,"array([26.1690186 , 11.42208068])"
1399,1,2,7,0,"array([27.76882995,  9.57535241])"
1400,2,1,7,0,"array([27.01921853, 11.36137605])"
1401,2,1,8,0,"array([26.24806367, 10.57792243])"
1402,1,1,7,0,"array([26.71119203, 11.60756939])"
1403,1,2,7,0,"array([27.33846808, 12.11755264])"
1404,1,1,7,0,"array([27.59695576, 10.96333805])"
1405,1,1,7,0,"array([27.44843244, 11.03335861])"
1406,2,1,7,0,"array([27.03794471, 11.24548647])"
1407,2,1,8,0,"array([25.51767205, 10.97185322])"
1408,2,1,7,0,"array([27.73659907, 10.9290572 ])"
1409,2,1,8,0,"array([26.38605342, 12.09780735])"
1410,2,1,8,0,"array([26.21647841, 12.07481477])"
1411,1,1,8,0,"array([25.26001363, 11.98164305])"
1412,1,3,8,0,"array([26.52286312, 11.54880398])"
1413,2,1,8,0,"array([26.70565649, 11.95500519])"
1414,2,1,7,0,"array([27.08495611, 12.24451861])"
1415,1,1,8,0,"array([26.6108383 , 12.00248078])"
1416,2,1,7,0,"array([26.30400262, 10.6703248 ])"
1417,1,1,8,0,"array([26.25511407, 11.88605398])"
1418,2,5,8,0,"array([25.8018829 , 11.70868425])"
1419,1,1,8,0,"array([26.59566515, 12.57000116])"
1420,2,1,8,0,"array([32.93182489,  9.12184404])"
1421,1,1,7,0,"array([25.05152552, 18.10366692])"
1422,2,2,8,0,"array([26.76387944, 10.10801326])"
1423,1,1,8,0,"array([26.27360253, 11.55536666])"
1424,2,1,8,0,"array([25.88969337, 12.2506584 ])"
1425,1,1,8,0,"array([29.27145885,  3.40199645])"
1426,2,1,8,0,"array([26.16513411, 10.06352111])"
1427,2,1,8,0,"array([27.13054553, 11.9560096 ])"
1428,2,1,8,0,"array([26.2553447 , 12.35628024])"
1429,1,1,8,0,"array([26.49802501, 11.1079719 ])"
1430,2,1,8,0,"array([25.98061271, 11.78522429])"
1431,2,1,7,0,"array([27.91593458, 11.36893346])"
1432,1,1,8,0,"array([26.27764546, 12.01691524])"
1433,2,1,7,0,"array([26.68903769, 11.00178181])"
1434,0,1,7,0,"array([27.10513349, 11.42688321])"
1435,2,1,7,0,"array([27.08889101, 11.14381606])"
1436,1,1,7,0,"array([25.97470098, 11.6416672 ])"
1437,1,2,7,0,"array([27.91099801, 10.32960609])"
1438,1,1,7,0,"array([27.02846256,  9.77280959])"
1439,1,1,8,0,"array([26.09134396, 11.16246032])"
1440,2,1,7,0,"array([27.10691744, 11.55531983])"
1441,0,1,8,0,"array([26.22859682, 11.63975753])"
1442,2,1,8,0,"array([26.36658755, 11.86930521])"
1443,2,4,8,0,"array([26.13073407, 11.05366533])"
1444,2,1,8,0,"array([25.47762877, 11.5021881 ])"
1445,1,2,7,0,"array([27.87115985,  9.71884194])"
1446,2,1,7,0,"array([26.64426433, 10.84519419])"
1447,1,2,8,0,"array([26.53883093, 10.93651472])"
1448,2,2,7,0,"array([27.45182097,  9.86733843])"
1449,2,1,7,0,"array([27.21274064, 11.50593036])"
1450,2,2,8,0,"array([26.61354925, 10.38437502])"
1451,1,2,8,0,"array([28.43307923,  9.91126419])"
1452,2,1,8,0,"array([26.27184594, 11.36569604])"
1453,2,1,7,0,"array([28.41027232, 11.25240883])"
1454,2,1,7,0,"array([27.98787322, 11.24806495])"
1455,2,1,7,0,"array([26.64485141, 11.10367241])"
1456,2,0,7,0,"array([27.35059314, 10.39592051])"
1457,2,1,7,0,"array([27.52643635, 10.6896029 ])"
1458,2,1,8,0,"array([25.82633846, 11.05412593])"
1459,2,1,8,0,"array([25.12774125, 11.35463181])"
